Route_Name,Route_Link,Bus_Name,Bus_Type,Duration,Rating,Price
Hyderabad to Vijayawada,https://www.redbus.in/bus-tickets/hyderabad-to-vijayawada,APSRTC - 35188,VENNELA (A.C. SLEEPER),6h 5m,"4
33",₹781
Hyderabad to Vijayawada,https://www.redbus.in/bus-tickets/hyderabad-to-vijayawada,APSRTC - 3563,"SUPER LUXURY (NON-AC, 2 + 2 PUSH BACK)",6h 15m,"3.6
29",₹436
Hyderabad to Vijayawada,https://www.redbus.in/bus-tickets/hyderabad-to-vijayawada,APSRTC - 35266,VENNELA (A.C. SLEEPER),6h 5m,"3.7
31",₹781
Hyderabad to Vijayawada,https://www.redbus.in/bus-tickets/hyderabad-to-vijayawada,APSRTC - 3590,"SUPER LUXURY (NON-AC, 2 + 2 PUSH BACK)",6h 15m,"3.5
22",₹436
Hyderabad to Vijayawada,https://www.redbus.in/bus-tickets/hyderabad-to-vijayawada,APSRTC - 3058,VENNELA (A.C. SLEEPER),6h 5m,"3.9
43",₹781
Hyderabad to Vijayawada,https://www.redbus.in/bus-tickets/hyderabad-to-vijayawada,APSRTC - 3548,"SUPER LUXURY (NON-AC, 2 + 2 PUSH BACK)",6h 20m,"4.4
17",₹436
Hyderabad to Vijayawada,https://www.redbus.in/bus-tickets/hyderabad-to-vijayawada,APSRTC - 35197,AMARAVATHI (VOLVO / SCANIA A.C Multi Axle),5h 50m,"4.3
65",₹603
Hyderabad to Vijayawada,https://www.redbus.in/bus-tickets/hyderabad-to-vijayawada,APSRTC - 35190,AMARAVATHI (VOLVO / SCANIA A.C Multi Axle),5h 55m,"4.2
11",₹603
Hyderabad to Vijayawada,https://www.redbus.in/bus-tickets/hyderabad-to-vijayawada,APSRTC - 3558,DOLPHIN CRUISE (VOLVO / SCANIA A.C Multi Axle),5h 25m,"4.3
197",₹603
Hyderabad to Vijayawada,https://www.redbus.in/bus-tickets/hyderabad-to-vijayawada,APSRTC - 35136,INDRA(A.C. Seater),6h 15m,"3.8
57",₹528
Hyderabad to Vijayawada,https://www.redbus.in/bus-tickets/hyderabad-to-vijayawada,APSRTC - 3540,"SUPER LUXURY (NON-AC, 2 + 2 PUSH BACK)",7h 20m,"3.8
21",₹436
Hyderabad to Vijayawada,https://www.redbus.in/bus-tickets/hyderabad-to-vijayawada,APSRTC - 4726,INDRA(A.C. Seater),5h 20m,"3.5
8",₹528
Hyderabad to Vijayawada,https://www.redbus.in/bus-tickets/hyderabad-to-vijayawada,APSRTC - 3586,DOLPHIN CRUISE (VOLVO / SCANIA A.C Multi Axle),5h 50m,"4
142",₹603
Hyderabad to Vijayawada,https://www.redbus.in/bus-tickets/hyderabad-to-vijayawada,APSRTC - 35196,"SUPER LUXURY (NON-AC, 2 + 2 PUSH BACK)",7h,"4.3
33",₹436
Hyderabad to Vijayawada,https://www.redbus.in/bus-tickets/hyderabad-to-vijayawada,APSRTC - 35062,"SUPER LUXURY (NON-AC, 2 + 2 PUSH BACK)",7h 15m,"3.9
12",₹436
Hyderabad to Vijayawada,https://www.redbus.in/bus-tickets/hyderabad-to-vijayawada,APSRTC - 35274,AMARAVATHI (VOLVO / SCANIA A.C Multi Axle),6h 20m,"3.8
107",₹603
Hyderabad to Vijayawada,https://www.redbus.in/bus-tickets/hyderabad-to-vijayawada,APSRTC - 23701,"SUPER LUXURY (NON-AC, 2 + 2 PUSH BACK)",6h 15m,3.8,₹436
Hyderabad to Vijayawada,https://www.redbus.in/bus-tickets/hyderabad-to-vijayawada,APSRTC - 3592,"SUPER LUXURY (NON-AC, 2 + 2 PUSH BACK)",7h 20m,"3.3
17",₹436
Hyderabad to Vijayawada,https://www.redbus.in/bus-tickets/hyderabad-to-vijayawada,APSRTC - 3572,DOLPHIN CRUISE (VOLVO / SCANIA A.C Multi Axle),6h 25m,"4.2
86",₹648
Hyderabad to Vijayawada,https://www.redbus.in/bus-tickets/hyderabad-to-vijayawada,APSRTC - 24252,INDRA(A.C. Seater),5h 30m,3.8,₹528
Hyderabad to Vijayawada,https://www.redbus.in/bus-tickets/hyderabad-to-vijayawada,APSRTC - 3822,"SUPER LUXURY (NON-AC, 2 + 2 PUSH BACK)",7h 10m,"3.7
13",₹436
Hyderabad to Vijayawada,https://www.redbus.in/bus-tickets/hyderabad-to-vijayawada,APSRTC - 9401,"SUPER LUXURY (NON-AC, 2 + 2 PUSH BACK)",7h 50m,"3.4
26",₹436
Hyderabad to Vijayawada,https://www.redbus.in/bus-tickets/hyderabad-to-vijayawada,APSRTC - 35267,INDRA(A.C. Seater),6h 15m,"3
68",₹528
Hyderabad to Vijayawada,https://www.redbus.in/bus-tickets/hyderabad-to-vijayawada,APSRTC - 3749,"SUPER LUXURY (NON-AC, 2 + 2 PUSH BACK)",7h 25m,"2.7
9",₹436
Hyderabad to Vijayawada,https://www.redbus.in/bus-tickets/hyderabad-to-vijayawada,APSRTC - 3574,AMARAVATHI (VOLVO / SCANIA A.C Multi Axle),6h 45m,"4.3
62",₹603
Hyderabad to Vijayawada,https://www.redbus.in/bus-tickets/hyderabad-to-vijayawada,APSRTC - 9357,"SUPER LUXURY (NON-AC, 2 + 2 PUSH BACK)",7h 35m,"3.4
13",₹436
Hyderabad to Vijayawada,https://www.redbus.in/bus-tickets/hyderabad-to-vijayawada,APSRTC - 40569,"SUPER LUXURY (NON-AC, 2 + 2 PUSH BACK)",7h 50m,"3.2
23",₹480
Hyderabad to Vijayawada,https://www.redbus.in/bus-tickets/hyderabad-to-vijayawada,APSRTC - 3634,AMARAVATHI (VOLVO / SCANIA A.C Multi Axle),6h 20m,"3.8
78",₹603
Hyderabad to Vijayawada,https://www.redbus.in/bus-tickets/hyderabad-to-vijayawada,APSRTC - 3598,"SUPER LUXURY (NON-AC, 2 + 2 PUSH BACK)",7h 25m,"3.7
22",₹469
Hyderabad to Vijayawada,https://www.redbus.in/bus-tickets/hyderabad-to-vijayawada,APSRTC - 35086,AMARAVATHI (VOLVO / SCANIA A.C Multi Axle),6h 15m,"3.9
51",₹603
Hyderabad to Vijayawada,https://www.redbus.in/bus-tickets/hyderabad-to-vijayawada,APSRTC - 3580,AMARAVATHI (VOLVO / SCANIA A.C Multi Axle),6h 15m,"4
82",₹603
Hyderabad to Vijayawada,https://www.redbus.in/bus-tickets/hyderabad-to-vijayawada,APSRTC - 24256,INDRA(A.C. Seater),5h 5m,"3.1
17",₹528
Hyderabad to Vijayawada,https://www.redbus.in/bus-tickets/hyderabad-to-vijayawada,APSRTC - 9319,"SUPER LUXURY (NON-AC, 2 + 2 PUSH BACK)",6h,"3.8
23",₹436
Hyderabad to Vijayawada,https://www.redbus.in/bus-tickets/hyderabad-to-vijayawada,APSRTC - 3576,AMARAVATHI (VOLVO / SCANIA A.C Multi Axle),6h 35m,"4.1
113",₹603
Hyderabad to Vijayawada,https://www.redbus.in/bus-tickets/hyderabad-to-vijayawada,APSRTC - 35154,"SUPER LUXURY (NON-AC, 2 + 2 PUSH BACK)",7h 20m,"3.5
35",₹444
Hyderabad to Vijayawada,https://www.redbus.in/bus-tickets/hyderabad-to-vijayawada,APSRTC - 9363,"SUPER LUXURY (NON-AC, 2 + 2 PUSH BACK)",6h,"2.7
14",₹436
Hyderabad to Vijayawada,https://www.redbus.in/bus-tickets/hyderabad-to-vijayawada,APSRTC - 24291,INDRA(A.C. Seater),5h,"2.1
23",₹528
Hyderabad to Vijayawada,https://www.redbus.in/bus-tickets/hyderabad-to-vijayawada,APSRTC - 3578,DOLPHIN CRUISE (VOLVO / SCANIA A.C Multi Axle),6h 15m,"3.8
101",₹603
Hyderabad to Vijayawada,https://www.redbus.in/bus-tickets/hyderabad-to-vijayawada,APSRTC - 3722,"SUPER LUXURY (NON-AC, 2 + 2 PUSH BACK)",6h,"3
16",₹436
Hyderabad to Vijayawada,https://www.redbus.in/bus-tickets/hyderabad-to-vijayawada,APSRTC - 3859,DOLPHIN CRUISE (VOLVO / SCANIA A.C Multi Axle),6h 35m,"3.8
76",₹683
Hyderabad to Vijayawada,https://www.redbus.in/bus-tickets/hyderabad-to-vijayawada,APSRTC - 3356,NIGHT RIDER (SEATER CUM SLEEPER),7h,"3.4
23",₹536
Hyderabad to Vijayawada,https://www.redbus.in/bus-tickets/hyderabad-to-vijayawada,APSRTC - 4045,"SUPER LUXURY (NON-AC, 2 + 2 PUSH BACK)",6h 15m,"2.9
14",₹436
Hyderabad to Vijayawada,https://www.redbus.in/bus-tickets/hyderabad-to-vijayawada,APSRTC - 3546,AMARAVATHI (VOLVO / SCANIA A.C Multi Axle),6h 45m,"3.3
70",₹603
Hyderabad to Vijayawada,https://www.redbus.in/bus-tickets/hyderabad-to-vijayawada,APSRTC - 3500,"SUPER LUXURY (NON-AC, 2 + 2 PUSH BACK)",8h 25m,"2.8
8",₹436
Hyderabad to Vijayawada,https://www.redbus.in/bus-tickets/hyderabad-to-vijayawada,APSRTC - 3376,"SUPER LUXURY (NON-AC, 2 + 2 PUSH BACK)",6h 30m,"3.8
9",₹436
Hyderabad to Vijayawada,https://www.redbus.in/bus-tickets/hyderabad-to-vijayawada,APSRTC - 2561,INDRA(A.C. Seater),5h 15m,"4.2
16",₹528
Hyderabad to Vijayawada,https://www.redbus.in/bus-tickets/hyderabad-to-vijayawada,APSRTC - 3570,AMARAVATHI (VOLVO / SCANIA A.C Multi Axle),6h 40m,"3.7
50",₹603
Hyderabad to Vijayawada,https://www.redbus.in/bus-tickets/hyderabad-to-vijayawada,APSRTC - 3366,"SUPER LUXURY (NON-AC, 2 + 2 PUSH BACK)",7h 50m,3.8,₹436
Hyderabad to Vijayawada,https://www.redbus.in/bus-tickets/hyderabad-to-vijayawada,APSRTC - 3360,AMARAVATHI (VOLVO / SCANIA A.C Multi Axle),7h 5m,"3.5
11",₹648
Hyderabad to Vijayawada,https://www.redbus.in/bus-tickets/hyderabad-to-vijayawada,APSRTC - 2575,NIGHT RIDER (SEATER CUM SLEEPER),6h 20m,"2.4
16",₹512
Hyderabad to Vijayawada,https://www.redbus.in/bus-tickets/hyderabad-to-vijayawada,APSRTC - 2674,"SUPER LUXURY (NON-AC, 2 + 2 PUSH BACK)",7h 50m,"4.2
14",₹436
Hyderabad to Vijayawada,https://www.redbus.in/bus-tickets/hyderabad-to-vijayawada,APSRTC - 4916,"SUPER LUXURY (NON-AC, 2 + 2 PUSH BACK)",6h 50m,"1.2
6",₹436
Hyderabad to Vijayawada,https://www.redbus.in/bus-tickets/hyderabad-to-vijayawada,APSRTC - 98050,"SUPER LUXURY (NON-AC, 2 + 2 PUSH BACK)",7h,"4.9
5",₹436
Hyderabad to Vijayawada,https://www.redbus.in/bus-tickets/hyderabad-to-vijayawada,APSRTC - 2563,INDRA(A.C. Seater),5h 35m,"2.7
13",₹449
Hyderabad to Vijayawada,https://www.redbus.in/bus-tickets/hyderabad-to-vijayawada,APSRTC - 24262,"SUPER LUXURY (NON-AC, 2 + 2 PUSH BACK)",6h 30m,3.8,₹436
Hyderabad to Vijayawada,https://www.redbus.in/bus-tickets/hyderabad-to-vijayawada,APSRTC - 2680,VENNELA (A.C. SLEEPER),6h 30m,"3
16",₹703
Hyderabad to Vijayawada,https://www.redbus.in/bus-tickets/hyderabad-to-vijayawada,APSRTC - 2798,INDRA(A.C. Seater),6h 35m,"2.6
13",₹567
Hyderabad to Vijayawada,https://www.redbus.in/bus-tickets/hyderabad-to-vijayawada,APSRTC - 2688,"SUPER LUXURY (NON-AC, 2 + 2 PUSH BACK)",6h 45m,"4.8
14",₹436
Hyderabad to Vijayawada,https://www.redbus.in/bus-tickets/hyderabad-to-vijayawada,APSRTC - 23534,"SUPER LUXURY (NON-AC, 2 + 2 PUSH BACK)",7h 45m,3.8,₹469
Hyderabad to Vijayawada,https://www.redbus.in/bus-tickets/hyderabad-to-vijayawada,APSRTC - 4972,"SUPER LUXURY (NON-AC, 2 + 2 PUSH BACK)",7h 10m,"4
16",₹436
Hyderabad to Vijayawada,https://www.redbus.in/bus-tickets/hyderabad-to-vijayawada,APSRTC - 2549,NIGHT RIDER (SEATER CUM SLEEPER),6h 10m,"2.3
9",₹476
Hyderabad to Vijayawada,https://www.redbus.in/bus-tickets/hyderabad-to-vijayawada,APSRTC - 3557,AMARAVATHI (VOLVO / SCANIA A.C Multi Axle),7h 15m,"3.2
53",₹603
Hyderabad to Vijayawada,https://www.redbus.in/bus-tickets/hyderabad-to-vijayawada,APSRTC - 3971,"SUPER LUXURY (NON-AC, 2 + 2 PUSH BACK)",6h 45m,"2.6
10",₹436
Hyderabad to Vijayawada,https://www.redbus.in/bus-tickets/hyderabad-to-vijayawada,APSRTC - 4880,STAR LINER(NON-AC SLEEPER 2+1),6h 10m,"2.4
8",₹565
Hyderabad to Vijayawada,https://www.redbus.in/bus-tickets/hyderabad-to-vijayawada,APSRTC - 4898,"SUPER LUXURY (NON-AC, 2 + 2 PUSH BACK)",6h 30m,"2.2
6",₹469
Hyderabad to Vijayawada,https://www.redbus.in/bus-tickets/hyderabad-to-vijayawada,APSRTC - 2678,NIGHT RIDER (SEATER CUM SLEEPER),6h 20m,"3.8
16",₹536
Hyderabad to Vijayawada,https://www.redbus.in/bus-tickets/hyderabad-to-vijayawada,APSRTC - 2786,"SUPER LUXURY (NON-AC, 2 + 2 PUSH BACK)",7h 5m,"3.8
16",₹469
Hyderabad to Vijayawada,https://www.redbus.in/bus-tickets/hyderabad-to-vijayawada,APSRTC - 3697,STAR LINER(NON-AC SLEEPER 2+1),7h,"4.5
23",₹565
Hyderabad to Vijayawada,https://www.redbus.in/bus-tickets/hyderabad-to-vijayawada,APSRTC - 4351,STAR LINER(NON-AC SLEEPER 2+1),7h 30m,"4
39",₹565
Hyderabad to Vijayawada,https://www.redbus.in/bus-tickets/hyderabad-to-vijayawada,APSRTC - 38202,"SUPER LUXURY (NON-AC, 2 + 2 PUSH BACK)",7h 45m,"4.2
62",₹444
Hyderabad to Vijayawada,https://www.redbus.in/bus-tickets/hyderabad-to-vijayawada,APSRTC - 2876,"SUPER LUXURY (NON-AC, 2 + 2 PUSH BACK)",6h 30m,"4.9
12",₹469
Hyderabad to Vijayawada,https://www.redbus.in/bus-tickets/hyderabad-to-vijayawada,APSRTC - 37801,INDRA(A.C. Seater),6h 45m,"4
15",₹528
Hyderabad to Vijayawada,https://www.redbus.in/bus-tickets/hyderabad-to-vijayawada,APSRTC - 3977,"SUPER LUXURY (NON-AC, 2 + 2 PUSH BACK)",7h 15m,"3.6
9",₹469
Hyderabad to Vijayawada,https://www.redbus.in/bus-tickets/hyderabad-to-vijayawada,APSRTC - 3544,"SUPER LUXURY (NON-AC, 2 + 2 PUSH BACK)",7h 15m,"3.9
48",₹436
Hyderabad to Vijayawada,https://www.redbus.in/bus-tickets/hyderabad-to-vijayawada,APSRTC - 3969,INDRA(A.C. Seater),6h 15m,3.8,₹528
Hyderabad to Vijayawada,https://www.redbus.in/bus-tickets/hyderabad-to-vijayawada,APSRTC - 4896,"SUPER LUXURY (NON-AC, 2 + 2 PUSH BACK)",6h 25m,3.8,₹436
Hyderabad to Vijayawada,https://www.redbus.in/bus-tickets/hyderabad-to-vijayawada,APSRTC - 2587,"SUPER LUXURY (NON-AC, 2 + 2 PUSH BACK)",6h 50m,3.8,₹469
Hyderabad to Vijayawada,https://www.redbus.in/bus-tickets/hyderabad-to-vijayawada,APSRTC - 98680,"SUPER LUXURY (NON-AC, 2 + 2 PUSH BACK)",5h 30m,3.8,₹436
Hyderabad to Vijayawada,https://www.redbus.in/bus-tickets/hyderabad-to-vijayawada,APSRTC - 4900,"SUPER LUXURY (NON-AC, 2 + 2 PUSH BACK)",6h 50m,"3.8
15",₹436
Hyderabad to Vijayawada,https://www.redbus.in/bus-tickets/hyderabad-to-vijayawada,APSRTC - 3612,"SUPER LUXURY (NON-AC, 2 + 2 PUSH BACK)",7h 30m,"3.8
126",₹436
Hyderabad to Vijayawada,https://www.redbus.in/bus-tickets/hyderabad-to-vijayawada,APSRTC - 3962,INDRA(A.C. Seater),6h 50m,3.8,₹567
Hyderabad to Vijayawada,https://www.redbus.in/bus-tickets/hyderabad-to-vijayawada,APSRTC - 4043,"SUPER LUXURY (NON-AC, 2 + 2 PUSH BACK)",6h 55m,"4.2
42",₹436
Hyderabad to Vijayawada,https://www.redbus.in/bus-tickets/hyderabad-to-vijayawada,APSRTC - 3927,"SUPER LUXURY (NON-AC, 2 + 2 PUSH BACK)",6h,3.8,₹452
Hyderabad to Vijayawada,https://www.redbus.in/bus-tickets/hyderabad-to-vijayawada,APSRTC - 4795,INDRA(A.C. Seater),6h 40m,"3.3
26",₹528
Hyderabad to Vijayawada,https://www.redbus.in/bus-tickets/hyderabad-to-vijayawada,APSRTC - 4823,"SUPER LUXURY (NON-AC, 2 + 2 PUSH BACK)",6h 25m,"2.7
10",₹436
Hyderabad to Vijayawada,https://www.redbus.in/bus-tickets/hyderabad-to-vijayawada,APSRTC - 4353,"SUPER LUXURY (NON-AC, 2 + 2 PUSH BACK)",6h 40m,"3.6
7",₹469
Hyderabad to Vijayawada,https://www.redbus.in/bus-tickets/hyderabad-to-vijayawada,APSRTC - 35212,STAR LINER(NON-AC SLEEPER 2+1),6h 10m,"4
10",₹565
Hyderabad to Vijayawada,https://www.redbus.in/bus-tickets/hyderabad-to-vijayawada,APSRTC - 35064,"SUPER LUXURY (NON-AC, 2 + 2 PUSH BACK)",6h 52m,"3.9
30",₹480
Hyderabad to Vijayawada,https://www.redbus.in/bus-tickets/hyderabad-to-vijayawada,APSRTC - 4920,INDRA(A.C. Seater),6h 50m,"4.4
13",₹528
Hyderabad to Vijayawada,https://www.redbus.in/bus-tickets/hyderabad-to-vijayawada,APSRTC - 3622,"SUPER LUXURY (NON-AC, 2 + 2 PUSH BACK)",7h 5m,"3.8
102",₹469
Hyderabad to Vijayawada,https://www.redbus.in/bus-tickets/hyderabad-to-vijayawada,APSRTC - 35172,STAR LINER(NON-AC SLEEPER 2+1),7h 30m,"4.3
42",₹622
Hyderabad to Vijayawada,https://www.redbus.in/bus-tickets/hyderabad-to-vijayawada,APSRTC - 9652,"SUPER LUXURY (NON-AC, 2 + 2 PUSH BACK)",7h 5m,"3.7
31",₹436
Hyderabad to Vijayawada,https://www.redbus.in/bus-tickets/hyderabad-to-vijayawada,APSRTC - 2676,AMARAVATHI (VOLVO / SCANIA A.C Multi Axle),6h 15m,"4.5
29",₹603
Hyderabad to Vijayawada,https://www.redbus.in/bus-tickets/hyderabad-to-vijayawada,APSRTC - 4815,"SUPER LUXURY (NON-AC, 2 + 2 PUSH BACK)",6h 35m,"4.7
11",₹436
Hyderabad to Vijayawada,https://www.redbus.in/bus-tickets/hyderabad-to-vijayawada,APSRTC - 4936,STAR LINER(NON-AC SLEEPER 2+1),6h,"2.2
8",₹607
Hyderabad to Vijayawada,https://www.redbus.in/bus-tickets/hyderabad-to-vijayawada,APSRTC - 4813,INDRA(A.C. Seater),7h,"3.5
18",₹528
Hyderabad to Vijayawada,https://www.redbus.in/bus-tickets/hyderabad-to-vijayawada,APSRTC - 4996,INDRA(A.C. Seater),5h 55m,"3.5
15",₹567
Hyderabad to Vijayawada,https://www.redbus.in/bus-tickets/hyderabad-to-vijayawada,APSRTC - 9655,"SUPER LUXURY (NON-AC, 2 + 2 PUSH BACK)",7h 10m,"3.4
52",₹444
Hyderabad to Vijayawada,https://www.redbus.in/bus-tickets/hyderabad-to-vijayawada,APSRTC - 3618,"SUPER LUXURY (NON-AC, 2 + 2 PUSH BACK)",7h 30m,"4
39",₹469
Hyderabad to Vijayawada,https://www.redbus.in/bus-tickets/hyderabad-to-vijayawada,APSRTC - 3917,"SUPER LUXURY (NON-AC, 2 + 2 PUSH BACK)",7h 10m,"4
73",₹444
Hyderabad to Vijayawada,https://www.redbus.in/bus-tickets/hyderabad-to-vijayawada,APSRTC - 4789,STAR LINER(NON-AC SLEEPER 2+1),6h 25m,"4.5
44",₹607
Hyderabad to Vijayawada,https://www.redbus.in/bus-tickets/hyderabad-to-vijayawada,APSRTC - 4340,INDRA(A.C. Seater),6h 50m,"4.1
17",₹567
Hyderabad to Vijayawada,https://www.redbus.in/bus-tickets/hyderabad-to-vijayawada,APSRTC - 3691,INDRA(A.C. Seater),6h 20m,"4
43",₹581
Hyderabad to Vijayawada,https://www.redbus.in/bus-tickets/hyderabad-to-vijayawada,APSRTC - 4821,"SUPER LUXURY (NON-AC, 2 + 2 PUSH BACK)",6h 20m,"4.5
15",₹517
Hyderabad to Vijayawada,https://www.redbus.in/bus-tickets/hyderabad-to-vijayawada,APSRTC - 4355,"SUPER LUXURY (NON-AC, 2 + 2 PUSH BACK)",7h 5m,"3.8
19",₹469
Hyderabad to Vijayawada,https://www.redbus.in/bus-tickets/hyderabad-to-vijayawada,APSRTC - 4049,"SUPER LUXURY (NON-AC, 2 + 2 PUSH BACK)",7h 20m,"3.7
65",₹469
Hyderabad to Vijayawada,https://www.redbus.in/bus-tickets/hyderabad-to-vijayawada,APSRTC - 3568,DOLPHIN CRUISE (VOLVO / SCANIA A.C Multi Axle),6h 15m,"3.1
80",₹648
Hyderabad to Vijayawada,https://www.redbus.in/bus-tickets/hyderabad-to-vijayawada,APSRTC - 3944,"SUPER LUXURY (NON-AC, 2 + 2 PUSH BACK)",6h 25m,"4.3
20",₹469
Hyderabad to Vijayawada,https://www.redbus.in/bus-tickets/hyderabad-to-vijayawada,APSRTC - 3693,NIGHT RIDER (SEATER CUM SLEEPER),6h 35m,"3.9
55",₹655
Hyderabad to Vijayawada,https://www.redbus.in/bus-tickets/hyderabad-to-vijayawada,APSRTC - 3582,DOLPHIN CRUISE (VOLVO / SCANIA A.C Multi Axle),6h 35m,"3.5
143",₹603
Hyderabad to Vijayawada,https://www.redbus.in/bus-tickets/hyderabad-to-vijayawada,APSRTC - 9365,"SUPER LUXURY (NON-AC, 2 + 2 PUSH BACK)",7h,"4.1
33",₹480
Hyderabad to Vijayawada,https://www.redbus.in/bus-tickets/hyderabad-to-vijayawada,APSRTC - 3909,"SUPER LUXURY (NON-AC, 2 + 2 PUSH BACK)",7h 5m,"3.8
101",₹444
Hyderabad to Vijayawada,https://www.redbus.in/bus-tickets/hyderabad-to-vijayawada,APSRTC - 3695,"SUPER LUXURY (NON-AC, 2 + 2 PUSH BACK)",6h 50m,"4.2
20",₹480
Hyderabad to Vijayawada,https://www.redbus.in/bus-tickets/hyderabad-to-vijayawada,APSRTC - 1445,"SUPER LUXURY (NON-AC, 2 + 2 PUSH BACK)",7h,"4.5
52",₹436
Hyderabad to Vijayawada,https://www.redbus.in/bus-tickets/hyderabad-to-vijayawada,APSRTC - 3560,INDRA(A.C. Seater),5h 45m,"3.9
94",₹528
Hyderabad to Vijayawada,https://www.redbus.in/bus-tickets/hyderabad-to-vijayawada,APSRTC - 3824,"SUPER LUXURY (NON-AC, 2 + 2 PUSH BACK)",6h 40m,"4.1
19",₹436
Hyderabad to Vijayawada,https://www.redbus.in/bus-tickets/hyderabad-to-vijayawada,APSRTC - 4791,AMARAVATHI (VOLVO / SCANIA A.C Multi Axle),6h 20m,"4.5
36",₹670
Hyderabad to Vijayawada,https://www.redbus.in/bus-tickets/hyderabad-to-vijayawada,APSRTC - 3839,VENNELA (A.C. SLEEPER),6h 10m,"3.7
86",₹795
Hyderabad to Vijayawada,https://www.redbus.in/bus-tickets/hyderabad-to-vijayawada,APSRTC - 3952,"SUPER LUXURY (NON-AC, 2 + 2 PUSH BACK)",6h 30m,"4.1
31",₹436
Hyderabad to Vijayawada,https://www.redbus.in/bus-tickets/hyderabad-to-vijayawada,APSRTC - 35106,VENNELA (A.C. SLEEPER),5h 40m,"4.5
43",₹781
Hyderabad to Vijayawada,https://www.redbus.in/bus-tickets/hyderabad-to-vijayawada,APSRTC - 4371,INDRA(A.C. Seater),6h 25m,"4.5
37",₹528
Hyderabad to Vijayawada,https://www.redbus.in/bus-tickets/hyderabad-to-vijayawada,APSRTC - 3542,"SUPER LUXURY (NON-AC, 2 + 2 PUSH BACK)",7h,"3.9
49",₹480
Hyderabad to Vijayawada,https://www.redbus.in/bus-tickets/hyderabad-to-vijayawada,APSRTC - 23703,"SUPER LUXURY (NON-AC, 2 + 2 PUSH BACK)",5h 15m,3.8,₹436
Hyderabad to Vijayawada,https://www.redbus.in/bus-tickets/hyderabad-to-vijayawada,APSRTC - 3508,"SUPER LUXURY (NON-AC, 2 + 2 PUSH BACK)",6h 15m,"3.2
40",₹436
Hyderabad to Vijayawada,https://www.redbus.in/bus-tickets/hyderabad-to-vijayawada,APSRTC - 3883,"SUPER LUXURY (NON-AC, 2 + 2 PUSH BACK)",7h 15m,"3.8
43",₹436
Hyderabad to Vijayawada,https://www.redbus.in/bus-tickets/hyderabad-to-vijayawada,APSRTC - 3826,"SUPER LUXURY (NON-AC, 2 + 2 PUSH BACK)",6h 50m,"3.4
32",₹436
Hyderabad to Vijayawada,https://www.redbus.in/bus-tickets/hyderabad-to-vijayawada,APSRTC - 9935,STAR LINER(NON-AC SLEEPER 2+1),6h 15m,"4.1
125",₹622
Hyderabad to Vijayawada,https://www.redbus.in/bus-tickets/hyderabad-to-vijayawada,APSRTC - 3516,"SUPER LUXURY (NON-AC, 2 + 2 PUSH BACK)",6h 55m,"3.5
24",₹480
Hyderabad to Vijayawada,https://www.redbus.in/bus-tickets/hyderabad-to-vijayawada,APSRTC - 35270,DOLPHIN CRUISE (VOLVO / SCANIA A.C Multi Axle),6h 15m,"3.5
98",₹603
Hyderabad to Vijayawada,https://www.redbus.in/bus-tickets/hyderabad-to-vijayawada,APSRTC - 3279,VENNELA (A.C. SLEEPER),6h 5m,"4.5
38",₹781
Hyderabad to Vijayawada,https://www.redbus.in/bus-tickets/hyderabad-to-vijayawada,APSRTC - 3510,STAR LINER(NON-AC SLEEPER 2+1),6h 15m,"3.9
89",₹565
Hyderabad to Vijayawada,https://www.redbus.in/bus-tickets/hyderabad-to-vijayawada,APSRTC - 3514,"SUPER LUXURY (NON-AC, 2 + 2 PUSH BACK)",6h 50m,"4
113",₹469
Hyderabad to Vijayawada,https://www.redbus.in/bus-tickets/hyderabad-to-vijayawada,APSRTC - 4037,"SUPER LUXURY (NON-AC, 2 + 2 PUSH BACK)",6h 35m,"3.4
91",₹480
Hyderabad to Vijayawada,https://www.redbus.in/bus-tickets/hyderabad-to-vijayawada,APSRTC - 3502,VENNELA (A.C. SLEEPER),6h 10m,"3.4
40",₹839
Hyderabad to Vijayawada,https://www.redbus.in/bus-tickets/hyderabad-to-vijayawada,APSRTC - 3887,AMARAVATHI (VOLVO / SCANIA A.C Multi Axle),6h 5m,"4.1
56",₹603
Hyderabad to Vijayawada,https://www.redbus.in/bus-tickets/hyderabad-to-vijayawada,APSRTC - 3658,AMARAVATHI (VOLVO / SCANIA A.C Multi Axle),6h 14m,"4.1
68",₹603
Vijayawada to Hyderabad,https://www.redbus.in/bus-tickets/vijayawada-to-hyderabad,APSRTC - 2572,AMARAVATHI (VOLVO / SCANIA A.C Multi Axle),5h 35m,"3.4
16",₹576
Vijayawada to Hyderabad,https://www.redbus.in/bus-tickets/vijayawada-to-hyderabad,APSRTC - 37800,INDRA(A.C. Seater),5h 30m,"4
17",₹567
Vijayawada to Hyderabad,https://www.redbus.in/bus-tickets/vijayawada-to-hyderabad,APSRTC - 2562,INDRA(A.C. Seater),4h 57m,"2.7
6",₹449
Vijayawada to Hyderabad,https://www.redbus.in/bus-tickets/vijayawada-to-hyderabad,APSRTC - 2677,NIGHT RIDER (SEATER CUM SLEEPER),5h 35m,"2.9
15",₹576
Vijayawada to Hyderabad,https://www.redbus.in/bus-tickets/vijayawada-to-hyderabad,APSRTC - 2777,INDRA(A.C. Seater),6h 10m,"3.6
5",₹567
Vijayawada to Hyderabad,https://www.redbus.in/bus-tickets/vijayawada-to-hyderabad,APSRTC - 4919,INDRA(A.C. Seater),5h 5m,4,₹567
Vijayawada to Hyderabad,https://www.redbus.in/bus-tickets/vijayawada-to-hyderabad,APSRTC - 2574,NIGHT RIDER (SEATER CUM SLEEPER),5h 10m,"3.7
13",₹512
Vijayawada to Hyderabad,https://www.redbus.in/bus-tickets/vijayawada-to-hyderabad,APSRTC - 2687,"SUPER LUXURY (NON-AC, 2 + 2 PUSH BACK)",4h 51m,"3.7
5",₹469
Vijayawada to Hyderabad,https://www.redbus.in/bus-tickets/vijayawada-to-hyderabad,APSRTC - 3499,"SUPER LUXURY (NON-AC, 2 + 2 PUSH BACK)",6h 55m,"3.7
6",₹469
Vijayawada to Hyderabad,https://www.redbus.in/bus-tickets/vijayawada-to-hyderabad,APSRTC - 2875,"SUPER LUXURY (NON-AC, 2 + 2 PUSH BACK)",6h 5m,"3.1
7",₹469
Vijayawada to Hyderabad,https://www.redbus.in/bus-tickets/vijayawada-to-hyderabad,APSRTC - 2560,INDRA(A.C. Seater),4h 15m,"5
4",₹528
Vijayawada to Hyderabad,https://www.redbus.in/bus-tickets/vijayawada-to-hyderabad,APSRTC - 2675,AMARAVATHI (VOLVO / SCANIA A.C Multi Axle),5h 50m,"4.7
10",₹648
Vijayawada to Hyderabad,https://www.redbus.in/bus-tickets/vijayawada-to-hyderabad,APSRTC - 3365,"SUPER LUXURY (NON-AC, 2 + 2 PUSH BACK)",5h 40m,4,₹469
Vijayawada to Hyderabad,https://www.redbus.in/bus-tickets/vijayawada-to-hyderabad,APSRTC - 2548,NIGHT RIDER (SEATER CUM SLEEPER),4h 56m,"4.7
10",₹476
Vijayawada to Hyderabad,https://www.redbus.in/bus-tickets/vijayawada-to-hyderabad,APSRTC - 3359,AMARAVATHI (VOLVO / SCANIA A.C Multi Axle),5h 34m,"3.7
20",₹648
Vijayawada to Hyderabad,https://www.redbus.in/bus-tickets/vijayawada-to-hyderabad,APSRTC - 35105,DOLPHIN CRUISE (VOLVO / SCANIA A.C Multi Axle),6h 15m,"4.4
77",₹648
Vijayawada to Hyderabad,https://www.redbus.in/bus-tickets/vijayawada-to-hyderabad,APSRTC - 3565,AMARAVATHI (VOLVO / SCANIA A.C Multi Axle),6h 5m,"4.3
101",₹648
Vijayawada to Hyderabad,https://www.redbus.in/bus-tickets/vijayawada-to-hyderabad,APSRTC - 9362,"SUPER LUXURY (NON-AC, 2 + 2 PUSH BACK)",5h 55m,"2.7
13",₹436
Vijayawada to Hyderabad,https://www.redbus.in/bus-tickets/vijayawada-to-hyderabad,APSRTC - 4044,"SUPER LUXURY (NON-AC, 2 + 2 PUSH BACK)",6h 40m,"3.5
4",₹448
Vijayawada to Hyderabad,https://www.redbus.in/bus-tickets/vijayawada-to-hyderabad,APSRTC - 3517,"SUPER LUXURY (NON-AC, 2 + 2 PUSH BACK)",5h 40m,"3.3
11",₹436
Vijayawada to Hyderabad,https://www.redbus.in/bus-tickets/vijayawada-to-hyderabad,APSRTC - 3567,DOLPHIN CRUISE (VOLVO / SCANIA A.C Multi Axle),6h 30m,"3.9
71",₹648
Vijayawada to Hyderabad,https://www.redbus.in/bus-tickets/vijayawada-to-hyderabad,APSRTC - 9364,"SUPER LUXURY (NON-AC, 2 + 2 PUSH BACK)",8h 20m,"3.8
12",₹480
Vijayawada to Hyderabad,https://www.redbus.in/bus-tickets/vijayawada-to-hyderabad,APSRTC - 3589,"SUPER LUXURY (NON-AC, 2 + 2 PUSH BACK)",8h 25m,"4.9
6",₹448
Vijayawada to Hyderabad,https://www.redbus.in/bus-tickets/vijayawada-to-hyderabad,APSRTC - 3581,AMARAVATHI (VOLVO / SCANIA A.C Multi Axle),6h 20m,"3.7
72",₹648
Vijayawada to Hyderabad,https://www.redbus.in/bus-tickets/vijayawada-to-hyderabad,APSRTC - 1446,"SUPER LUXURY (NON-AC, 2 + 2 PUSH BACK)",6h 40m,"4.1
4",₹448
Vijayawada to Hyderabad,https://www.redbus.in/bus-tickets/vijayawada-to-hyderabad,APSRTC - 3882,"SUPER LUXURY (NON-AC, 2 + 2 PUSH BACK)",7h 5m,"4.1
11",₹469
Vijayawada to Hyderabad,https://www.redbus.in/bus-tickets/vijayawada-to-hyderabad,APSRTC - 3593,"SUPER LUXURY (NON-AC, 2 + 2 PUSH BACK)",8h 25m,"4
6",₹480
Vijayawada to Hyderabad,https://www.redbus.in/bus-tickets/vijayawada-to-hyderabad,APSRTC - 35119,AMARAVATHI (VOLVO / SCANIA A.C Multi Axle),6h 15m,"3.9
53",₹648
Vijayawada to Hyderabad,https://www.redbus.in/bus-tickets/vijayawada-to-hyderabad,APSRTC - 9310,"SUPER LUXURY (NON-AC, 2 + 2 PUSH BACK)",6h 35m,"4.7
15",₹448
Vijayawada to Hyderabad,https://www.redbus.in/bus-tickets/vijayawada-to-hyderabad,APSRTC - 3543,"SUPER LUXURY (NON-AC, 2 + 2 PUSH BACK)",7h 35m,"3.7
24",₹469
Vijayawada to Hyderabad,https://www.redbus.in/bus-tickets/vijayawada-to-hyderabad,APSRTC - 23700,"SUPER LUXURY (NON-AC, 2 + 2 PUSH BACK)",4h 30m,"2.7
5",₹436
Vijayawada to Hyderabad,https://www.redbus.in/bus-tickets/vijayawada-to-hyderabad,APSRTC - 3657,AMARAVATHI (VOLVO / SCANIA A.C Multi Axle),5h 55m,"4.1
82",₹648
Vijayawada to Hyderabad,https://www.redbus.in/bus-tickets/vijayawada-to-hyderabad,APSRTC - 3513,"SUPER LUXURY (NON-AC, 2 + 2 PUSH BACK)",9h 1m,"3.2
5",₹469
Vijayawada to Hyderabad,https://www.redbus.in/bus-tickets/vijayawada-to-hyderabad,APSRTC - 9400,"SUPER LUXURY (NON-AC, 2 + 2 PUSH BACK)",6h 45m,"3.6
9",₹480
Vijayawada to Hyderabad,https://www.redbus.in/bus-tickets/vijayawada-to-hyderabad,APSRTC - 3858,AMARAVATHI (VOLVO / SCANIA A.C Multi Axle),5h 30m,"4.3
37",₹603
Vijayawada to Hyderabad,https://www.redbus.in/bus-tickets/vijayawada-to-hyderabad,APSRTC - 9356,"SUPER LUXURY (NON-AC, 2 + 2 PUSH BACK)",6h 35m,"4.4
9",₹448
Vijayawada to Hyderabad,https://www.redbus.in/bus-tickets/vijayawada-to-hyderabad,APSRTC - 3571,DOLPHIN CRUISE (VOLVO / SCANIA A.C Multi Axle),6h 34m,"4.2
91",₹648
Vijayawada to Hyderabad,https://www.redbus.in/bus-tickets/vijayawada-to-hyderabad,APSRTC - 2456,INDRA(A.C. Seater),5h 26m,"4
10",₹528
Vijayawada to Hyderabad,https://www.redbus.in/bus-tickets/vijayawada-to-hyderabad,APSRTC - 3601,"SUPER LUXURY (NON-AC, 2 + 2 PUSH BACK)",8h 5m,"3.4
19",₹480
Vijayawada to Hyderabad,https://www.redbus.in/bus-tickets/vijayawada-to-hyderabad,APSRTC - 3823,"SUPER LUXURY (NON-AC, 2 + 2 PUSH BACK)",7h 45m,"3.1
22",₹469
Vijayawada to Hyderabad,https://www.redbus.in/bus-tickets/vijayawada-to-hyderabad,APSRTC - 3515,"SUPER LUXURY (NON-AC, 2 + 2 PUSH BACK)",8h,"2.7
9",₹480
Vijayawada to Hyderabad,https://www.redbus.in/bus-tickets/vijayawada-to-hyderabad,APSRTC - 4725,INDRA(A.C. Seater),5h,"2.1
5",₹528
Vijayawada to Hyderabad,https://www.redbus.in/bus-tickets/vijayawada-to-hyderabad,APSRTC - 35269,DOLPHIN CRUISE (VOLVO / SCANIA A.C Multi Axle),5h 55m,"4.1
71",₹648
Vijayawada to Hyderabad,https://www.redbus.in/bus-tickets/vijayawada-to-hyderabad,APSRTC - 23879,"SUPER LUXURY (NON-AC, 2 + 2 PUSH BACK)",4h 10m,"3
4",₹436
Vijayawada to Hyderabad,https://www.redbus.in/bus-tickets/vijayawada-to-hyderabad,APSRTC - 3562,"SUPER LUXURY (NON-AC, 2 + 2 PUSH BACK)",6h 35m,"2.6
9",₹448
Vijayawada to Hyderabad,https://www.redbus.in/bus-tickets/vijayawada-to-hyderabad,APSRTC - 3886,AMARAVATHI (VOLVO / SCANIA A.C Multi Axle),5h,"4
72",₹603
Vijayawada to Hyderabad,https://www.redbus.in/bus-tickets/vijayawada-to-hyderabad,APSRTC - 3825,"SUPER LUXURY (NON-AC, 2 + 2 PUSH BACK)",6h 51m,"3.8
16",₹469
Vijayawada to Hyderabad,https://www.redbus.in/bus-tickets/vijayawada-to-hyderabad,APSRTC - 3549,"SUPER LUXURY (NON-AC, 2 + 2 PUSH BACK)",6h 30m,"4.2
12",₹448
Vijayawada to Hyderabad,https://www.redbus.in/bus-tickets/vijayawada-to-hyderabad,APSRTC - 3583,DOLPHIN CRUISE (VOLVO / SCANIA A.C Multi Axle),6h,"3.9
88",₹648
Vijayawada to Hyderabad,https://www.redbus.in/bus-tickets/vijayawada-to-hyderabad,APSRTC - 35117,INDRA(A.C. Seater),6h 10m,"3.9
56",₹567
Vijayawada to Hyderabad,https://www.redbus.in/bus-tickets/vijayawada-to-hyderabad,APSRTC - 3525,"SUPER LUXURY (NON-AC, 2 + 2 PUSH BACK)",8h,"4.2
16",₹480
Vijayawada to Hyderabad,https://www.redbus.in/bus-tickets/vijayawada-to-hyderabad,APSRTC - 23704,"SUPER LUXURY (NON-AC, 2 + 2 PUSH BACK)",4h 55m,4,₹436
Vijayawada to Hyderabad,https://www.redbus.in/bus-tickets/vijayawada-to-hyderabad,APSRTC - 4052,"SUPER LUXURY (NON-AC, 2 + 2 PUSH BACK)",6h 30m,"4.3
9",₹448
Vijayawada to Hyderabad,https://www.redbus.in/bus-tickets/vijayawada-to-hyderabad,APSRTC - 3573,DOLPHIN CRUISE (VOLVO / SCANIA A.C Multi Axle),5h 55m,"3.5
86",₹648
Vijayawada to Hyderabad,https://www.redbus.in/bus-tickets/vijayawada-to-hyderabad,APSRTC - 35061,"SUPER LUXURY (NON-AC, 2 + 2 PUSH BACK)",8h 10m,"2.7
5",₹469
Vijayawada to Hyderabad,https://www.redbus.in/bus-tickets/vijayawada-to-hyderabad,APSRTC - 35133,DOLPHIN CRUISE (VOLVO / SCANIA A.C Multi Axle),5h 55m,"2.9
80",₹648
Vijayawada to Hyderabad,https://www.redbus.in/bus-tickets/vijayawada-to-hyderabad,APSRTC - 3585,AMARAVATHI (VOLVO / SCANIA A.C Multi Axle),5h 55m,"3.8
100",₹648
Vijayawada to Hyderabad,https://www.redbus.in/bus-tickets/vijayawada-to-hyderabad,APSRTC - 24251,INDRA(A.C. Seater),5h,"2.3
5",₹528
Vijayawada to Hyderabad,https://www.redbus.in/bus-tickets/vijayawada-to-hyderabad,APSRTC - 35271,INDRA(A.C. Seater),6h 10m,"3.3
63",₹567
Vijayawada to Hyderabad,https://www.redbus.in/bus-tickets/vijayawada-to-hyderabad,APSRTC - 35135,AMARAVATHI (VOLVO / SCANIA A.C Multi Axle),6h 22m,"4.4
73",₹648
Vijayawada to Hyderabad,https://www.redbus.in/bus-tickets/vijayawada-to-hyderabad,APSRTC - 35085,AMARAVATHI (VOLVO / SCANIA A.C Multi Axle),6h 55m,"3.7
55",₹648
Vijayawada to Hyderabad,https://www.redbus.in/bus-tickets/vijayawada-to-hyderabad,APSRTC - 3613,"SUPER LUXURY (NON-AC, 2 + 2 PUSH BACK)",7h 42m,"3.9
12",₹480
Vijayawada to Hyderabad,https://www.redbus.in/bus-tickets/vijayawada-to-hyderabad,APSRTC - 23507,INDRA(A.C. Seater),4h 26m,"2.1
12",₹528
Vijayawada to Hyderabad,https://www.redbus.in/bus-tickets/vijayawada-to-hyderabad,APSRTC - 21242,"SUPER LUXURY (NON-AC, 2 + 2 PUSH BACK)",4h 45m,4,₹436
Vijayawada to Hyderabad,https://www.redbus.in/bus-tickets/vijayawada-to-hyderabad,APSRTC - 9316,"SUPER LUXURY (NON-AC, 2 + 2 PUSH BACK)",7h 50m,"4.4
66",₹480
Vijayawada to Hyderabad,https://www.redbus.in/bus-tickets/vijayawada-to-hyderabad,APSRTC - 35189,AMARAVATHI (VOLVO / SCANIA A.C Multi Axle),5h 5m,"4.5
38",₹603
Vijayawada to Hyderabad,https://www.redbus.in/bus-tickets/vijayawada-to-hyderabad,APSRTC - 4046,"SUPER LUXURY (NON-AC, 2 + 2 PUSH BACK)",6h 40m,"3.8
41",₹469
Vijayawada to Hyderabad,https://www.redbus.in/bus-tickets/vijayawada-to-hyderabad,APSRTC - 9651,"SUPER LUXURY (NON-AC, 2 + 2 PUSH BACK)",7h 41m,"4.2
63",₹480
Vijayawada to Hyderabad,https://www.redbus.in/bus-tickets/vijayawada-to-hyderabad,APSRTC - 9654,"SUPER LUXURY (NON-AC, 2 + 2 PUSH BACK)",7h 40m,"3.7
53",₹469
Vijayawada to Hyderabad,https://www.redbus.in/bus-tickets/vijayawada-to-hyderabad,APSRTC - 35023,"SUPER LUXURY (NON-AC, 2 + 2 PUSH BACK)",7h 30m,"4.7
17",₹469
Vijayawada to Hyderabad,https://www.redbus.in/bus-tickets/vijayawada-to-hyderabad,APSRTC - 3916,"SUPER LUXURY (NON-AC, 2 + 2 PUSH BACK)",5h 5m,"4.5
67",₹469
Vijayawada to Hyderabad,https://www.redbus.in/bus-tickets/vijayawada-to-hyderabad,APSRTC - 35179,VENNELA (A.C. SLEEPER),4h 50m,"4.7
39",₹781
Vijayawada to Hyderabad,https://www.redbus.in/bus-tickets/vijayawada-to-hyderabad,APSRTC - 40568,"SUPER LUXURY (NON-AC, 2 + 2 PUSH BACK)",8h 10m,"3.6
39",₹469
Vijayawada to Hyderabad,https://www.redbus.in/bus-tickets/vijayawada-to-hyderabad,APSRTC - 3970,"SUPER LUXURY (NON-AC, 2 + 2 PUSH BACK)",6h 20m,"4.5
11",₹488
Vijayawada to Hyderabad,https://www.redbus.in/bus-tickets/vijayawada-to-hyderabad,APSRTC - 38201,"SUPER LUXURY (NON-AC, 2 + 2 PUSH BACK)",6h 5m,"3.6
30",₹469
Vijayawada to Hyderabad,https://www.redbus.in/bus-tickets/vijayawada-to-hyderabad,APSRTC - 3908,"SUPER LUXURY (NON-AC, 2 + 2 PUSH BACK)",6h 25m,"3.6
73",₹480
Vijayawada to Hyderabad,https://www.redbus.in/bus-tickets/vijayawada-to-hyderabad,APSRTC - 35155,AMARAVATHI (VOLVO / SCANIA A.C Multi Axle),5h 42m,"4.4
62",₹648
Vijayawada to Hyderabad,https://www.redbus.in/bus-tickets/vijayawada-to-hyderabad,APSRTC - 4048,"SUPER LUXURY (NON-AC, 2 + 2 PUSH BACK)",6h 20m,"3.9
70",₹469
Vijayawada to Hyderabad,https://www.redbus.in/bus-tickets/vijayawada-to-hyderabad,APSRTC - 35118,INDRA(A.C. Seater),6h 50m,"3
70",₹567
Vijayawada to Hyderabad,https://www.redbus.in/bus-tickets/vijayawada-to-hyderabad,APSRTC - 4320,INDRA(A.C. Seater),6h 25m,"3.5
21",₹567
Vijayawada to Hyderabad,https://www.redbus.in/bus-tickets/vijayawada-to-hyderabad,APSRTC - 98049,"SUPER LUXURY (NON-AC, 2 + 2 PUSH BACK)",4h 55m,"1.9
5",₹469
Vijayawada to Hyderabad,https://www.redbus.in/bus-tickets/vijayawada-to-hyderabad,APSRTC - 4792,INDRA(A.C. Seater),7h 5m,"4.3
34",₹567
Vijayawada to Hyderabad,https://www.redbus.in/bus-tickets/vijayawada-to-hyderabad,APSRTC - 35265,VENNELA (A.C. SLEEPER),5h,"4
20",₹781
Vijayawada to Hyderabad,https://www.redbus.in/bus-tickets/vijayawada-to-hyderabad,APSRTC - 3509,STAR LINER(NON-AC SLEEPER 2+1),5h 44m,"4
77",₹607
Vijayawada to Hyderabad,https://www.redbus.in/bus-tickets/vijayawada-to-hyderabad,APSRTC - 3575,AMARAVATHI (VOLVO / SCANIA A.C Multi Axle),6h 25m,"3.8
79",₹648
Vijayawada to Hyderabad,https://www.redbus.in/bus-tickets/vijayawada-to-hyderabad,APSRTC - 9934,STAR LINER(NON-AC SLEEPER 2+1),7h 15m,"4.5
125",₹607
Vijayawada to Hyderabad,https://www.redbus.in/bus-tickets/vijayawada-to-hyderabad,APSRTC - 3635,"SUPER LUXURY (NON-AC, 2 + 2 PUSH BACK)",6h 35m,"4.6
67",₹469
Vijayawada to Hyderabad,https://www.redbus.in/bus-tickets/vijayawada-to-hyderabad,APSRTC - 3943,"SUPER LUXURY (NON-AC, 2 + 2 PUSH BACK)",7h 4m,"3.8
4",₹469
Vijayawada to Hyderabad,https://www.redbus.in/bus-tickets/vijayawada-to-hyderabad,APSRTC - 3696,STAR LINER(NON-AC SLEEPER 2+1),5h 55m,"4.2
35",₹607
Vijayawada to Hyderabad,https://www.redbus.in/bus-tickets/vijayawada-to-hyderabad,APSRTC - 3545,DOLPHIN CRUISE (VOLVO / SCANIA A.C Multi Axle),6h 4m,"4
92",₹648
Vijayawada to Hyderabad,https://www.redbus.in/bus-tickets/vijayawada-to-hyderabad,APSRTC - 35063,"SUPER LUXURY (NON-AC, 2 + 2 PUSH BACK)",7h 38m,"4.5
50",₹469
Vijayawada to Hyderabad,https://www.redbus.in/bus-tickets/vijayawada-to-hyderabad,APSRTC - 3838,VENNELA (A.C. SLEEPER),5h 45m,"3.9
111",₹839
Vijayawada to Hyderabad,https://www.redbus.in/bus-tickets/vijayawada-to-hyderabad,APSRTC - 4727,"SUPER LUXURY (NON-AC, 2 + 2 PUSH BACK)",6h 49m,"4.6
7",₹469
Vijayawada to Hyderabad,https://www.redbus.in/bus-tickets/vijayawada-to-hyderabad,APSRTC - 4350,STAR LINER(NON-AC SLEEPER 2+1),5h 31m,"4.4
33",₹607
Vijayawada to Hyderabad,https://www.redbus.in/bus-tickets/vijayawada-to-hyderabad,APSRTC - 3609,"SUPER LUXURY (NON-AC, 2 + 2 PUSH BACK)",7h 52m,"4.6
30",₹469
Vijayawada to Hyderabad,https://www.redbus.in/bus-tickets/vijayawada-to-hyderabad,APSRTC - 3694,"SUPER LUXURY (NON-AC, 2 + 2 PUSH BACK)",7h 25m,"4.3
5",₹469
Vijayawada to Hyderabad,https://www.redbus.in/bus-tickets/vijayawada-to-hyderabad,APSRTC - 3926,"SUPER LUXURY (NON-AC, 2 + 2 PUSH BACK)",6h 20m,4,₹446
Vijayawada to Hyderabad,https://www.redbus.in/bus-tickets/vijayawada-to-hyderabad,APSRTC - 3961,INDRA(A.C. Seater),6h 29m,"4
31",₹567
Vijayawada to Hyderabad,https://www.redbus.in/bus-tickets/vijayawada-to-hyderabad,APSRTC - 3968,INDRA(A.C. Seater),6h 7m,"4.1
10",₹567
Vijayawada to Hyderabad,https://www.redbus.in/bus-tickets/vijayawada-to-hyderabad,APSRTC - 3692,NIGHT RIDER (SEATER CUM SLEEPER),6h 31m,"4.1
45",₹639
Vijayawada to Hyderabad,https://www.redbus.in/bus-tickets/vijayawada-to-hyderabad,APSRTC - 3900,"SUPER LUXURY (NON-AC, 2 + 2 PUSH BACK)",5h 20m,"4.4
138",₹469
Vijayawada to Hyderabad,https://www.redbus.in/bus-tickets/vijayawada-to-hyderabad,APSRTC - 3569,INDRA(A.C. Seater),4h 58m,"4.3
75",₹567
Vijayawada to Hyderabad,https://www.redbus.in/bus-tickets/vijayawada-to-hyderabad,APSRTC - 3888,VENNELA (A.C. SLEEPER),4h 45m,"4
58",₹781
Vijayawada to Hyderabad,https://www.redbus.in/bus-tickets/vijayawada-to-hyderabad,APSRTC - 3278,VENNELA (A.C. SLEEPER),5h 45m,"4.5
91",₹839
Vijayawada to Hyderabad,https://www.redbus.in/bus-tickets/vijayawada-to-hyderabad,APSRTC - 4790,AMARAVATHI (VOLVO / SCANIA A.C Multi Axle),6h 15m,"4.7
46",₹720
Vijayawada to Hyderabad,https://www.redbus.in/bus-tickets/vijayawada-to-hyderabad,APSRTC - 2785,"SUPER LUXURY (NON-AC, 2 + 2 PUSH BACK)",6h 45m,"3.5
28",₹469
Vijayawada to Hyderabad,https://www.redbus.in/bus-tickets/vijayawada-to-hyderabad,APSRTC - 3976,"SUPER LUXURY (NON-AC, 2 + 2 PUSH BACK)",6h 35m,4,₹469
Vijayawada to Hyderabad,https://www.redbus.in/bus-tickets/vijayawada-to-hyderabad,APSRTC - 4352,"SUPER LUXURY (NON-AC, 2 + 2 PUSH BACK)",6h 15m,"3.4
7",₹469
Vijayawada to Hyderabad,https://www.redbus.in/bus-tickets/vijayawada-to-hyderabad,APSRTC - 3690,INDRA(A.C. Seater),6h 41m,"4.6
23",₹567
Vijayawada to Hyderabad,https://www.redbus.in/bus-tickets/vijayawada-to-hyderabad,APSRTC - 35211,STAR LINER(NON-AC SLEEPER 2+1),6h 5m,"3.2
17",₹607
Vijayawada to Hyderabad,https://www.redbus.in/bus-tickets/vijayawada-to-hyderabad,APSRTC - 3951,"SUPER LUXURY (NON-AC, 2 + 2 PUSH BACK)",6h 49m,"4.5
20",₹469
Vijayawada to Hyderabad,https://www.redbus.in/bus-tickets/vijayawada-to-hyderabad,APSRTC - 4812,INDRA(A.C. Seater),5h 5m,"3.1
16",₹567
Vijayawada to Hyderabad,https://www.redbus.in/bus-tickets/vijayawada-to-hyderabad,APSRTC - 23702,"SUPER LUXURY (NON-AC, 2 + 2 PUSH BACK)",5h 30m,"3.7
16",₹436
Vijayawada to Hyderabad,https://www.redbus.in/bus-tickets/vijayawada-to-hyderabad,APSRTC - 3633,AMARAVATHI (VOLVO / SCANIA A.C Multi Axle),6h 12m,"4.1
146",₹648
Vijayawada to Hyderabad,https://www.redbus.in/bus-tickets/vijayawada-to-hyderabad,APSRTC - 4995,INDRA(A.C. Seater),5h 35m,"3.5
17",₹567
Vijayawada to Hyderabad,https://www.redbus.in/bus-tickets/vijayawada-to-hyderabad,APSRTC - 4354,"SUPER LUXURY (NON-AC, 2 + 2 PUSH BACK)",6h 14m,"3.7
13",₹469
Vijayawada to Hyderabad,https://www.redbus.in/bus-tickets/vijayawada-to-hyderabad,APSRTC - 4178,AMARAVATHI (VOLVO / SCANIA A.C Multi Axle),5h 55m,"4
56",₹720
Vijayawada to Hyderabad,https://www.redbus.in/bus-tickets/vijayawada-to-hyderabad,APSRTC - 4814,"SUPER LUXURY (NON-AC, 2 + 2 PUSH BACK)",5h 30m,"4.6
9",₹469
Vijayawada to Hyderabad,https://www.redbus.in/bus-tickets/vijayawada-to-hyderabad,APSRTC - 35171,STAR LINER(NON-AC SLEEPER 2+1),6h 57m,"3.6
27",₹607
Vijayawada to Hyderabad,https://www.redbus.in/bus-tickets/vijayawada-to-hyderabad,APSRTC - 3057,VENNELA (A.C. SLEEPER),5h,"4.2
66",₹781
Vijayawada to Hyderabad,https://www.redbus.in/bus-tickets/vijayawada-to-hyderabad,APSRTC - 4369,INDRA(A.C. Seater),5h 59m,"4.4
15",₹567
Vijayawada to Hyderabad,https://www.redbus.in/bus-tickets/vijayawada-to-hyderabad,APSRTC - 3535,VENNELA (A.C. SLEEPER),5h 45m,"3.8
77",₹839
Vijayawada to Hyderabad,https://www.redbus.in/bus-tickets/vijayawada-to-hyderabad,APSRTC - 24255,INDRA(A.C. Seater),4h 55m,"4
9",₹528
Vijayawada to Hyderabad,https://www.redbus.in/bus-tickets/vijayawada-to-hyderabad,APSRTC - 3533,"SUPER LUXURY (NON-AC, 2 + 2 PUSH BACK)",5h 30m,"3.8
54",₹436
Vijayawada to Hyderabad,https://www.redbus.in/bus-tickets/vijayawada-to-hyderabad,APSRTC - 2673,"SUPER LUXURY (NON-AC, 2 + 2 PUSH BACK)",4h 56m,"4.1
9",₹469
Kakinada to Visakhapatnam,https://www.redbus.in/bus-tickets/kakinada-to-visakhapatnam,APSRTC - 2538,"SUPER LUXURY (NON-AC, 2 + 2 PUSH BACK)",4h,"3.2
5",₹281
Kakinada to Visakhapatnam,https://www.redbus.in/bus-tickets/kakinada-to-visakhapatnam,APSRTC - 2837,"SUPER LUXURY (NON-AC, 2 + 2 PUSH BACK)",3h 15m,3.9,₹281
Kakinada to Visakhapatnam,https://www.redbus.in/bus-tickets/kakinada-to-visakhapatnam,APSRTC - 23551,"SUPER LUXURY (NON-AC, 2 + 2 PUSH BACK)",4h,"4.2
7",₹281
Kakinada to Visakhapatnam,https://www.redbus.in/bus-tickets/kakinada-to-visakhapatnam,APSRTC - 2536,INDRA(A.C. Seater),3h 22m,"4.6
10",₹306
Kakinada to Visakhapatnam,https://www.redbus.in/bus-tickets/kakinada-to-visakhapatnam,APSRTC - 23537,"SUPER LUXURY (NON-AC, 2 + 2 PUSH BACK)",4h 30m,3.9,₹281
Kakinada to Visakhapatnam,https://www.redbus.in/bus-tickets/kakinada-to-visakhapatnam,APSRTC - 4864,"SUPER LUXURY (NON-AC, 2 + 2 PUSH BACK)",3h 15m,3.9,₹281
Kakinada to Visakhapatnam,https://www.redbus.in/bus-tickets/kakinada-to-visakhapatnam,APSRTC - 3712,"SUPER LUXURY (NON-AC, 2 + 2 PUSH BACK)",4h 10m,3.9,₹281
Kakinada to Visakhapatnam,https://www.redbus.in/bus-tickets/kakinada-to-visakhapatnam,APSRTC - 3714,"SUPER LUXURY (NON-AC, 2 + 2 PUSH BACK)",3h 55m,"4.4
4",₹281
Kakinada to Visakhapatnam,https://www.redbus.in/bus-tickets/kakinada-to-visakhapatnam,APSRTC - 2651,"SUPER LUXURY (NON-AC, 2 + 2 PUSH BACK)",3h,"3.8
44",₹281
Kakinada to Visakhapatnam,https://www.redbus.in/bus-tickets/kakinada-to-visakhapatnam,APSRTC - 2653,"SUPER LUXURY (NON-AC, 2 + 2 PUSH BACK)",3h,"4.2
51",₹281
Kakinada to Visakhapatnam,https://www.redbus.in/bus-tickets/kakinada-to-visakhapatnam,APSRTC - 2855,"ULTRA DELUXE (NON-AC, 2+2 PUSH BACK)",4h 30m,"3.9
15",₹269
Kakinada to Visakhapatnam,https://www.redbus.in/bus-tickets/kakinada-to-visakhapatnam,APSRTC - 2214,"SUPER LUXURY (NON-AC, 2 + 2 PUSH BACK)",4h 30m,"3.3
6",₹281
Kakinada to Visakhapatnam,https://www.redbus.in/bus-tickets/kakinada-to-visakhapatnam,APSRTC - 2659,INDRA(A.C. Seater),3h,"4.4
93",₹340
Kakinada to Visakhapatnam,https://www.redbus.in/bus-tickets/kakinada-to-visakhapatnam,APSRTC - 23547,"SUPER LUXURY (NON-AC, 2 + 2 PUSH BACK)",4h 30m,3.9,₹281
Kakinada to Visakhapatnam,https://www.redbus.in/bus-tickets/kakinada-to-visakhapatnam,APSRTC - 2530,"SUPER LUXURY (NON-AC, 2 + 2 PUSH BACK)",4h 30m,3.9,₹281
Chittoor (Andhra Pradesh) to Bangalore,https://www.redbus.in/bus-tickets/chittoor-andhra-pradesh-to-bangalore,APSRTC - 5118,"SUPER LUXURY (NON-AC, 2 + 2 PUSH BACK)",2h 50m,"3.7
19",₹304
Chittoor (Andhra Pradesh) to Bangalore,https://www.redbus.in/bus-tickets/chittoor-andhra-pradesh-to-bangalore,APSRTC - 9035,Express Non AC Seater 2+3,3h 13m,"4
77",₹183
Chittoor (Andhra Pradesh) to Bangalore,https://www.redbus.in/bus-tickets/chittoor-andhra-pradesh-to-bangalore,APSRTC - 9057,Express Non AC Seater 2+3,3h 15m,"4.3
48",₹183
Chittoor (Andhra Pradesh) to Bangalore,https://www.redbus.in/bus-tickets/chittoor-andhra-pradesh-to-bangalore,APSRTC - 9129,Express Non AC Seater 2+3,3h 50m,"3.8
52",₹202
Chittoor (Andhra Pradesh) to Bangalore,https://www.redbus.in/bus-tickets/chittoor-andhra-pradesh-to-bangalore,APSRTC - 9037,Express Non AC Seater 2+3,3h 25m,"4.2
59",₹183
Chittoor (Andhra Pradesh) to Bangalore,https://www.redbus.in/bus-tickets/chittoor-andhra-pradesh-to-bangalore,APSRTC - 47053,Express Non AC Seater 2+3,3h 40m,"4.1
66",₹183
Chittoor (Andhra Pradesh) to Bangalore,https://www.redbus.in/bus-tickets/chittoor-andhra-pradesh-to-bangalore,APSRTC - 5753,Express Non AC Seater 2+3,3h 15m,"4.4
39",₹183
Chittoor (Andhra Pradesh) to Bangalore,https://www.redbus.in/bus-tickets/chittoor-andhra-pradesh-to-bangalore,APSRTC - 9602,Express Non AC Seater 2+3,3h 15m,"3.6
26",₹183
Chittoor (Andhra Pradesh) to Bangalore,https://www.redbus.in/bus-tickets/chittoor-andhra-pradesh-to-bangalore,APSRTC - 5671,Express Non AC Seater 2+3,3h 25m,"4.3
63",₹239
Chittoor (Andhra Pradesh) to Bangalore,https://www.redbus.in/bus-tickets/chittoor-andhra-pradesh-to-bangalore,APSRTC - 9045,Express Non AC Seater 2+3,4h 25m,"3.8
41",₹218
Chittoor (Andhra Pradesh) to Bangalore,https://www.redbus.in/bus-tickets/chittoor-andhra-pradesh-to-bangalore,APSRTC - 5514,Express Non AC Seater 2+3,3h 25m,"4.4
26",₹183
Chittoor (Andhra Pradesh) to Bangalore,https://www.redbus.in/bus-tickets/chittoor-andhra-pradesh-to-bangalore,APSRTC - 9886,Express Non AC Seater 2+3,4h 17m,4,₹202
Chittoor (Andhra Pradesh) to Bangalore,https://www.redbus.in/bus-tickets/chittoor-andhra-pradesh-to-bangalore,APSRTC - 5647,Express Non AC Seater 2+3,4h 5m,"3.6
41",₹183
Chittoor (Andhra Pradesh) to Bangalore,https://www.redbus.in/bus-tickets/chittoor-andhra-pradesh-to-bangalore,APSRTC - 9043,Express Non AC Seater 2+3,3h 20m,"3.5
65",₹183
Chittoor (Andhra Pradesh) to Bangalore,https://www.redbus.in/bus-tickets/chittoor-andhra-pradesh-to-bangalore,APSRTC - 5398,"ULTRA DELUXE (NON-AC, 2+2 PUSH BACK)",4h 15m,"4.2
27",₹229
Chittoor (Andhra Pradesh) to Bangalore,https://www.redbus.in/bus-tickets/chittoor-andhra-pradesh-to-bangalore,APSRTC - 5073,INDRA(A.C. Seater),2h 50m,4,₹359
Chittoor (Andhra Pradesh) to Bangalore,https://www.redbus.in/bus-tickets/chittoor-andhra-pradesh-to-bangalore,APSRTC - 5390,"SUPER LUXURY (NON-AC, 2 + 2 PUSH BACK)",3h 35m,"4.4
59",₹281
Chittoor (Andhra Pradesh) to Bangalore,https://www.redbus.in/bus-tickets/chittoor-andhra-pradesh-to-bangalore,APSRTC - 47224,Express Non AC Seater 2+3,3h 35m,"4.5
35",₹202
Chittoor (Andhra Pradesh) to Bangalore,https://www.redbus.in/bus-tickets/chittoor-andhra-pradesh-to-bangalore,APSRTC - 4565,Express Non AC Seater 2+3,3h,"2.3
14",₹183
Chittoor (Andhra Pradesh) to Bangalore,https://www.redbus.in/bus-tickets/chittoor-andhra-pradesh-to-bangalore,APSRTC - 9047,Express Non AC Seater 2+3,3h 25m,"3.9
37",₹183
Chittoor (Andhra Pradesh) to Bangalore,https://www.redbus.in/bus-tickets/chittoor-andhra-pradesh-to-bangalore,APSRTC - 9007,Express Non AC Seater 2+3,4h 15m,"4.4
42",₹239
Chittoor (Andhra Pradesh) to Bangalore,https://www.redbus.in/bus-tickets/chittoor-andhra-pradesh-to-bangalore,APSRTC - 5075,AMARAVATHI (VOLVO / SCANIA A.C Multi Axle),3h 25m,4,₹487
Chittoor (Andhra Pradesh) to Bangalore,https://www.redbus.in/bus-tickets/chittoor-andhra-pradesh-to-bangalore,APSRTC - 47236,Express Non AC Seater 2+3,3h 25m,"3.5
31",₹239
Chittoor (Andhra Pradesh) to Bangalore,https://www.redbus.in/bus-tickets/chittoor-andhra-pradesh-to-bangalore,APSRTC - 9011,Express Non AC Seater 2+3,4h,"4.3
46",₹183
Chittoor (Andhra Pradesh) to Bangalore,https://www.redbus.in/bus-tickets/chittoor-andhra-pradesh-to-bangalore,APSRTC - 9049,Express Non AC Seater 2+3,4h 25m,"4.2
75",₹239
Chittoor (Andhra Pradesh) to Bangalore,https://www.redbus.in/bus-tickets/chittoor-andhra-pradesh-to-bangalore,APSRTC - 9888,Express Non AC Seater 2+3,4h 35m,"3.2
22",₹202
Chittoor (Andhra Pradesh) to Bangalore,https://www.redbus.in/bus-tickets/chittoor-andhra-pradesh-to-bangalore,APSRTC - 9003,Express Non AC Seater 2+3,4h 25m,"4.2
28",₹239
Chittoor (Andhra Pradesh) to Bangalore,https://www.redbus.in/bus-tickets/chittoor-andhra-pradesh-to-bangalore,APSRTC - 9041,Express Non AC Seater 2+3,4h 25m,"4.2
29",₹239
Chittoor (Andhra Pradesh) to Bangalore,https://www.redbus.in/bus-tickets/chittoor-andhra-pradesh-to-bangalore,APSRTC - 9061,Express Non AC Seater 2+3,4h 25m,"4.4
48",₹239
Chittoor (Andhra Pradesh) to Bangalore,https://www.redbus.in/bus-tickets/chittoor-andhra-pradesh-to-bangalore,APSRTC - 5524,Express Non AC Seater 2+3,4h 10m,"3.4
24",₹239
Chittoor (Andhra Pradesh) to Bangalore,https://www.redbus.in/bus-tickets/chittoor-andhra-pradesh-to-bangalore,APSRTC - 9080,Express Non AC Seater 2+3,4h 25m,"4.3
42",₹239
Chittoor (Andhra Pradesh) to Bangalore,https://www.redbus.in/bus-tickets/chittoor-andhra-pradesh-to-bangalore,APSRTC - 5528,"SUPER LUXURY (NON-AC, 2 + 2 PUSH BACK)",4h 31m,"4.4
32",₹334
Bangalore to Tirupati,https://www.redbus.in/bus-tickets/bangalore-to-tirupathi,APSRTC - 9048,Express Non AC Seater 2+3,7h,"4.3
16",₹312
Bangalore to Tirupati,https://www.redbus.in/bus-tickets/bangalore-to-tirupathi,APSRTC - 5491,SAPTAGIRI EXPRESS,6h,"3.7
81",₹312
Bangalore to Tirupati,https://www.redbus.in/bus-tickets/bangalore-to-tirupathi,APSRTC - 9775,"SUPER LUXURY (NON-AC, 2 + 2 PUSH BACK)",6h 15m,"3.4
34",₹426
Bangalore to Tirupati,https://www.redbus.in/bus-tickets/bangalore-to-tirupathi,APSRTC - 5627,"ULTRA DELUXE (NON-AC, 2+2 PUSH BACK)",6h,"4.6
29",₹362
Bangalore to Tirupati,https://www.redbus.in/bus-tickets/bangalore-to-tirupathi,APSRTC - 3507,"SUPER LUXURY (NON-AC, 2 + 2 PUSH BACK)",6h 30m,"3.9
30",₹426
Bangalore to Tirupati,https://www.redbus.in/bus-tickets/bangalore-to-tirupathi,APSRTC - 5519,SAPTAGIRI EXPRESS,6h,"3.8
11",₹296
Bangalore to Tirupati,https://www.redbus.in/bus-tickets/bangalore-to-tirupathi,APSRTC - 5621,"ULTRA DELUXE (NON-AC, 2+2 PUSH BACK)",6h,"3.5
29",₹362
Bangalore to Tirupati,https://www.redbus.in/bus-tickets/bangalore-to-tirupathi,APSRTC - 5505,SAPTAGIRI EXPRESS,6h,"4.1
29",₹312
Bangalore to Tirupati,https://www.redbus.in/bus-tickets/bangalore-to-tirupathi,APSRTC - 5074,INDRA(A.C. Seater),6h,"4.3
28",₹506
Bangalore to Tirupati,https://www.redbus.in/bus-tickets/bangalore-to-tirupathi,APSRTC - 9036,Express Non AC Seater 2+3,6h 20m,"3.7
16",₹312
Bangalore to Tirupati,https://www.redbus.in/bus-tickets/bangalore-to-tirupathi,APSRTC - 3765,"SUPER LUXURY (NON-AC, 2 + 2 PUSH BACK)",6h 45m,"4.4
19",₹426
Bangalore to Tirupati,https://www.redbus.in/bus-tickets/bangalore-to-tirupathi,APSRTC - 9058,Express Non AC Seater 2+3,6h 5m,"4.4
9",₹312
Bangalore to Tirupati,https://www.redbus.in/bus-tickets/bangalore-to-tirupathi,APSRTC - 5724,Express Non AC Seater 2+3,6h 30m,3.8,₹327
Bangalore to Tirupati,https://www.redbus.in/bus-tickets/bangalore-to-tirupathi,APSRTC - 5192,Express Non AC Seater 2+3,6h 15m,3.8,₹296
Bangalore to Tirupati,https://www.redbus.in/bus-tickets/bangalore-to-tirupathi,APSRTC - 5451,"SUPER LUXURY (NON-AC, 2 + 2 PUSH BACK)",6h,"4.2
24",₹426
Bangalore to Tirupati,https://www.redbus.in/bus-tickets/bangalore-to-tirupathi,APSRTC - 47172,INDRA(A.C. Seater),5h 15m,"3.6
30",₹506
Bangalore to Tirupati,https://www.redbus.in/bus-tickets/bangalore-to-tirupathi,APSRTC - 5455,"SUPER LUXURY (NON-AC, 2 + 2 PUSH BACK)",6h,"4.3
20",₹426
Bangalore to Tirupati,https://www.redbus.in/bus-tickets/bangalore-to-tirupathi,APSRTC - 5359,Express Non AC Seater 2+3,7h 15m,3.8,₹334
Bangalore to Tirupati,https://www.redbus.in/bus-tickets/bangalore-to-tirupathi,APSRTC - 5080,AMARAVATHI (VOLVO / SCANIA A.C Multi Axle),5h 25m,"4.3
36",₹674
Bangalore to Tirupati,https://www.redbus.in/bus-tickets/bangalore-to-tirupathi,APSRTC - 5533,"SUPER LUXURY (NON-AC, 2 + 2 PUSH BACK)",6h,"3.4
25",₹426
Bangalore to Tirupati,https://www.redbus.in/bus-tickets/bangalore-to-tirupathi,APSRTC - 5751,Express Non AC Seater 2+3,6h 20m,"4
11",₹312
Bangalore to Tirupati,https://www.redbus.in/bus-tickets/bangalore-to-tirupathi,APSRTC - 5513,SAPTAGIRI EXPRESS,6h,"3.3
29",₹317
Bangalore to Tirupati,https://www.redbus.in/bus-tickets/bangalore-to-tirupathi,APSRTC - 35292,"SUPER LUXURY (NON-AC, 2 + 2 PUSH BACK)",6h 30m,"4.5
23",₹426
Bangalore to Tirupati,https://www.redbus.in/bus-tickets/bangalore-to-tirupathi,APSRTC - 2638,AMARAVATHI (VOLVO / SCANIA A.C Multi Axle),5h 45m,"3.5
47",₹540
Bangalore to Tirupati,https://www.redbus.in/bus-tickets/bangalore-to-tirupathi,APSRTC - 5471,SAPTAGIRI EXPRESS,6h,"3.6
26",₹312
Bangalore to Tirupati,https://www.redbus.in/bus-tickets/bangalore-to-tirupathi,APSRTC - 9603,Express Non AC Seater 2+3,6h 20m,"3.1
12",₹312
Bangalore to Tirupati,https://www.redbus.in/bus-tickets/bangalore-to-tirupathi,APSRTC - 3879,"SUPER LUXURY (NON-AC, 2 + 2 PUSH BACK)",6h 45m,"4.4
21",₹426
Bangalore to Tirupati,https://www.redbus.in/bus-tickets/bangalore-to-tirupathi,APSRTC - 5467,SAPTAGIRI EXPRESS,6h,"4.4
26",₹312
Bangalore to Tirupati,https://www.redbus.in/bus-tickets/bangalore-to-tirupathi,APSRTC - 4157,"SUPER LUXURY (NON-AC, 2 + 2 PUSH BACK)",6h 15m,"3.9
26",₹426
Bangalore to Tirupati,https://www.redbus.in/bus-tickets/bangalore-to-tirupathi,APSRTC - 4310,"SUPER LUXURY (NON-AC, 2 + 2 PUSH BACK)",5h 45m,"3.6
42",₹426
Bangalore to Tirupati,https://www.redbus.in/bus-tickets/bangalore-to-tirupathi,APSRTC - 3871,VENNELA (A.C. SLEEPER),5h 55m,"3.9
12",₹585
Bangalore to Tirupati,https://www.redbus.in/bus-tickets/bangalore-to-tirupathi,APSRTC - 9020,Express Non AC Seater 2+3,6h 25m,"2.9
14",₹312
Bangalore to Tirupati,https://www.redbus.in/bus-tickets/bangalore-to-tirupathi,APSRTC - 4020,"SUPER LUXURY (NON-AC, 2 + 2 PUSH BACK)",5h 35m,"3.3
36",₹426
Bangalore to Tirupati,https://www.redbus.in/bus-tickets/bangalore-to-tirupathi,APSRTC - 47211,Express Non AC Seater 2+3,6h 20m,"3.2
24",₹312
Bangalore to Tirupati,https://www.redbus.in/bus-tickets/bangalore-to-tirupathi,APSRTC - 4610,"SUPER LUXURY (NON-AC, 2 + 2 PUSH BACK)",6h,"3.7
33",₹426
Bangalore to Tirupati,https://www.redbus.in/bus-tickets/bangalore-to-tirupathi,APSRTC - 5082,"SUPER LUXURY (NON-AC, 2 + 2 PUSH BACK)",6h 5m,"3.5
18",₹426
Bangalore to Tirupati,https://www.redbus.in/bus-tickets/bangalore-to-tirupathi,APSRTC - 5501,SAPTAGIRI EXPRESS,6h,"3.5
50",₹312
Bangalore to Tirupati,https://www.redbus.in/bus-tickets/bangalore-to-tirupathi,APSRTC - 5497,SAPTAGIRI EXPRESS,6h,"3.9
53",₹312
Bangalore to Tirupati,https://www.redbus.in/bus-tickets/bangalore-to-tirupathi,APSRTC - 5084,"SUPER LUXURY (NON-AC, 2 + 2 PUSH BACK)",6h 5m,"4.2
22",₹426
Bangalore to Tirupati,https://www.redbus.in/bus-tickets/bangalore-to-tirupathi,APSRTC - 5119,"SUPER LUXURY (NON-AC, 2 + 2 PUSH BACK)",6h 10m,"3.8
19",₹426
Bangalore to Tirupati,https://www.redbus.in/bus-tickets/bangalore-to-tirupathi,APSRTC - 5672,Express Non AC Seater 2+3,6h 25m,"4.2
28",₹296
Bangalore to Tirupati,https://www.redbus.in/bus-tickets/bangalore-to-tirupathi,APSRTC - 5457,"SUPER LUXURY (NON-AC, 2 + 2 PUSH BACK)",6h,"3.7
33",₹426
Bangalore to Tirupati,https://www.redbus.in/bus-tickets/bangalore-to-tirupathi,APSRTC - 5449,"SUPER LUXURY (NON-AC, 2 + 2 PUSH BACK)",7h,"4.7
13",₹426
Bangalore to Tirupati,https://www.redbus.in/bus-tickets/bangalore-to-tirupathi,APSRTC - 5094,"SUPER LUXURY (NON-AC, 2 + 2 PUSH BACK)",5h 35m,"2.8
11",₹426
Bangalore to Tirupati,https://www.redbus.in/bus-tickets/bangalore-to-tirupathi,APSRTC - 5315,"SUPER LUXURY (NON-AC, 2 + 2 PUSH BACK)",6h 15m,"4.3
15",₹426
Bangalore to Tirupati,https://www.redbus.in/bus-tickets/bangalore-to-tirupathi,APSRTC - 5447,"SUPER LUXURY (NON-AC, 2 + 2 PUSH BACK)",6h,"3.5
37",₹426
Bangalore to Tirupati,https://www.redbus.in/bus-tickets/bangalore-to-tirupathi,APSRTC - 5086,"SUPER LUXURY (NON-AC, 2 + 2 PUSH BACK)",5h 35m,"3.4
27",₹426
Bangalore to Tirupati,https://www.redbus.in/bus-tickets/bangalore-to-tirupathi,APSRTC - 47148,INDRA(A.C. Seater),5h 15m,"4.2
95",₹506
Bangalore to Tirupati,https://www.redbus.in/bus-tickets/bangalore-to-tirupathi,APSRTC - 5463,SAPTAGIRI EXPRESS,6h,"4.2
74",₹312
Bangalore to Tirupati,https://www.redbus.in/bus-tickets/bangalore-to-tirupathi,APSRTC - 47239,Express Non AC Seater 2+3,7h 30m,"3.6
28",₹312
Bangalore to Tirupati,https://www.redbus.in/bus-tickets/bangalore-to-tirupathi,APSRTC - 5459,SAPTAGIRI EXPRESS,6h,"3.2
51",₹312
Bangalore to Tirupati,https://www.redbus.in/bus-tickets/bangalore-to-tirupathi,APSRTC - 5465,SAPTAGIRI EXPRESS,6h,"4.5
46",₹312
Bangalore to Tirupati,https://www.redbus.in/bus-tickets/bangalore-to-tirupathi,APSRTC - 5453,"SUPER LUXURY (NON-AC, 2 + 2 PUSH BACK)",6h,"4
80",₹426
Bangalore to Tirupati,https://www.redbus.in/bus-tickets/bangalore-to-tirupathi,APSRTC - 5461,SAPTAGIRI EXPRESS,6h,"3.9
91",₹312
Hyderabad to Ongole,https://www.redbus.in/bus-tickets/hyderabad-to-ongole,APSRTC - 45776,"SUPER LUXURY (NON-AC, 2 + 2 PUSH BACK)",8h 10m,"3.5
83",₹522
Hyderabad to Ongole,https://www.redbus.in/bus-tickets/hyderabad-to-ongole,APSRTC - 5870,"SUPER LUXURY (NON-AC, 2 + 2 PUSH BACK)",9h 30m,"4.8
11",₹555
Hyderabad to Ongole,https://www.redbus.in/bus-tickets/hyderabad-to-ongole,APSRTC - 5070,"SUPER LUXURY (NON-AC, 2 + 2 PUSH BACK)",8h 40m,"1.8
16",₹556
Hyderabad to Ongole,https://www.redbus.in/bus-tickets/hyderabad-to-ongole,APSRTC - 5859,"SUPER LUXURY (NON-AC, 2 + 2 PUSH BACK)",9h,"4
15",₹555
Hyderabad to Ongole,https://www.redbus.in/bus-tickets/hyderabad-to-ongole,APSRTC - 48821,"SUPER LUXURY (NON-AC, 2 + 2 PUSH BACK)",9h 15m,"3.9
25",₹522
Hyderabad to Ongole,https://www.redbus.in/bus-tickets/hyderabad-to-ongole,APSRTC - 5054,"SUPER LUXURY (NON-AC, 2 + 2 PUSH BACK)",9h 45m,"3.5
18",₹556
Hyderabad to Ongole,https://www.redbus.in/bus-tickets/hyderabad-to-ongole,APSRTC - 5867,"SUPER LUXURY (NON-AC, 2 + 2 PUSH BACK)",11h 30m,3.9,₹602
Hyderabad to Ongole,https://www.redbus.in/bus-tickets/hyderabad-to-ongole,APSRTC - 5994,"SUPER LUXURY (NON-AC, 2 + 2 PUSH BACK)",10h 15m,"4.3
12",₹555
Hyderabad to Ongole,https://www.redbus.in/bus-tickets/hyderabad-to-ongole,APSRTC - 5181,"SUPER LUXURY (NON-AC, 2 + 2 PUSH BACK)",9h,"2.7
8",₹556
Hyderabad to Ongole,https://www.redbus.in/bus-tickets/hyderabad-to-ongole,APSRTC - 5922,"SUPER LUXURY (NON-AC, 2 + 2 PUSH BACK)",9h 20m,"4.2
21",₹555
Hyderabad to Ongole,https://www.redbus.in/bus-tickets/hyderabad-to-ongole,APSRTC - 5916,"SUPER LUXURY (NON-AC, 2 + 2 PUSH BACK)",9h 10m,"3.4
4",₹605
Hyderabad to Ongole,https://www.redbus.in/bus-tickets/hyderabad-to-ongole,APSRTC - 5906,INDRA(A.C. Seater),9h 30m,"3.2
60",₹671
Hyderabad to Ongole,https://www.redbus.in/bus-tickets/hyderabad-to-ongole,APSRTC - 5926,"SUPER LUXURY (NON-AC, 2 + 2 PUSH BACK)",9h 30m,"4
46",₹555
Hyderabad to Ongole,https://www.redbus.in/bus-tickets/hyderabad-to-ongole,APSRTC - 5896,"SUPER LUXURY (NON-AC, 2 + 2 PUSH BACK)",9h,"4
9",₹555
Hyderabad to Ongole,https://www.redbus.in/bus-tickets/hyderabad-to-ongole,APSRTC - 5381,"SUPER LUXURY (NON-AC, 2 + 2 PUSH BACK)",10h 30m,3.9,₹624
Hyderabad to Ongole,https://www.redbus.in/bus-tickets/hyderabad-to-ongole,APSRTC - 5020,DOLPHIN CRUISE (VOLVO / SCANIA A.C Multi Axle),7h 45m,"4.3
31",₹855
Hyderabad to Ongole,https://www.redbus.in/bus-tickets/hyderabad-to-ongole,APSRTC - 5876,"SUPER LUXURY (NON-AC, 2 + 2 PUSH BACK)",9h,"3.4
33",₹555
Hyderabad to Ongole,https://www.redbus.in/bus-tickets/hyderabad-to-ongole,APSRTC - 5914,"SUPER LUXURY (NON-AC, 2 + 2 PUSH BACK)",8h 50m,"3.9
29",₹555
Hyderabad to Ongole,https://www.redbus.in/bus-tickets/hyderabad-to-ongole,APSRTC - 5928,"SUPER LUXURY (NON-AC, 2 + 2 PUSH BACK)",8h 15m,"4.4
48",₹555
Hyderabad to Ongole,https://www.redbus.in/bus-tickets/hyderabad-to-ongole,APSRTC - 58231,"SUPER LUXURY (NON-AC, 2 + 2 PUSH BACK)",8h 55m,"3.5
42",₹522
Hyderabad to Ongole,https://www.redbus.in/bus-tickets/hyderabad-to-ongole,APSRTC - 48604,AMARAVATHI (VOLVO / SCANIA A.C Multi Axle),8h 10m,"3.9
61",₹802
Hyderabad to Ongole,https://www.redbus.in/bus-tickets/hyderabad-to-ongole,APSRTC - 5863,"SUPER LUXURY (NON-AC, 2 + 2 PUSH BACK)",8h 15m,"4.1
50",₹555
Hyderabad to Ongole,https://www.redbus.in/bus-tickets/hyderabad-to-ongole,APSRTC - 5902,STAR LINER(NON-AC SLEEPER 2+1),8h 45m,"4.1
89",₹719
Hyderabad to Ongole,https://www.redbus.in/bus-tickets/hyderabad-to-ongole,APSRTC - 45902,"SUPER LUXURY (NON-AC, 2 + 2 PUSH BACK)",9h 20m,"4.5
43",₹555
Hyderabad to Ongole,https://www.redbus.in/bus-tickets/hyderabad-to-ongole,APSRTC - 5958,STAR LINER(NON-AC SLEEPER 2+1),8h 10m,"4.3
32",₹719
Hyderabad to Ongole,https://www.redbus.in/bus-tickets/hyderabad-to-ongole,APSRTC - 5920,VENNELA (A.C. SLEEPER),8h 15m,"3.8
107",₹992
Hyderabad to Ongole,https://www.redbus.in/bus-tickets/hyderabad-to-ongole,APSRTC - 48493,"SUPER LUXURY (NON-AC, 2 + 2 PUSH BACK)",8h 25m,"4
46",₹522
Hyderabad to Ongole,https://www.redbus.in/bus-tickets/hyderabad-to-ongole,APSRTC - 5904,DOLPHIN CRUISE (VOLVO / SCANIA A.C Multi Axle),8h 5m,"4
33",₹852
Hyderabad to Ongole,https://www.redbus.in/bus-tickets/hyderabad-to-ongole,APSRTC - 5857,STAR LINER(NON-AC SLEEPER 2+1),8h 20m,"3.2
25",₹719
Hyderabad to Ongole,https://www.redbus.in/bus-tickets/hyderabad-to-ongole,APSRTC - 9228,"SUPER LUXURY (NON-AC, 2 + 2 PUSH BACK)",8h 20m,"3.6
58",₹555
Hyderabad to Ongole,https://www.redbus.in/bus-tickets/hyderabad-to-ongole,APSRTC - 5379,INDRA(A.C. Seater),7h 55m,"4.1
117",₹671
Hyderabad to Ongole,https://www.redbus.in/bus-tickets/hyderabad-to-ongole,APSRTC - 5974,STAR LINER(NON-AC SLEEPER 2+1),8h 30m,"3.9
75",₹719
Bangalore to Kadapa,https://www.redbus.in/bus-tickets/bangalore-to-kadapa,APSRTC - 50145,"SUPER LUXURY (NON-AC, 2 + 2 PUSH BACK)",7h,"3.5
40",₹472
Bangalore to Kadapa,https://www.redbus.in/bus-tickets/bangalore-to-kadapa,APSRTC - 6204,"SUPER LUXURY (NON-AC, 2 + 2 PUSH BACK)",6h 30m,"3.7
21",₹472
Bangalore to Kadapa,https://www.redbus.in/bus-tickets/bangalore-to-kadapa,APSRTC - 6206,"SUPER LUXURY (NON-AC, 2 + 2 PUSH BACK)",6h 30m,"4.4
22",₹472
Bangalore to Kadapa,https://www.redbus.in/bus-tickets/bangalore-to-kadapa,APSRTC - 50182,"SUPER LUXURY (NON-AC, 2 + 2 PUSH BACK)",7h,"3.3
20",₹472
Bangalore to Kadapa,https://www.redbus.in/bus-tickets/bangalore-to-kadapa,APSRTC - 6011,"SUPER LUXURY (NON-AC, 2 + 2 PUSH BACK)",7h,"3.3
28",₹472
Bangalore to Kadapa,https://www.redbus.in/bus-tickets/bangalore-to-kadapa,APSRTC - 50103,"ULTRA DELUXE (NON-AC, 2+2 PUSH BACK)",6h 45m,"3.8
35",₹412
Bangalore to Kadapa,https://www.redbus.in/bus-tickets/bangalore-to-kadapa,APSRTC - 6019,"SUPER LUXURY (NON-AC, 2 + 2 PUSH BACK)",7h,"4.7
21",₹472
Bangalore to Kadapa,https://www.redbus.in/bus-tickets/bangalore-to-kadapa,APSRTC - 6074,INDRA(A.C. Seater),6h 30m,"3.7
65",₹526
Bangalore to Kadapa,https://www.redbus.in/bus-tickets/bangalore-to-kadapa,APSRTC - 6066,"SUPER LUXURY (NON-AC, 2 + 2 PUSH BACK)",7h,"3.2
46",₹472
Bangalore to Kadapa,https://www.redbus.in/bus-tickets/bangalore-to-kadapa,APSRTC - 9267,INDRA(A.C. Seater),6h 30m,"3
64",₹526
Bangalore to Kadapa,https://www.redbus.in/bus-tickets/bangalore-to-kadapa,APSRTC - 9255,"SUPER LUXURY (NON-AC, 2 + 2 PUSH BACK)",7h,"3.6
54",₹472
Bangalore to Kadapa,https://www.redbus.in/bus-tickets/bangalore-to-kadapa,APSRTC - 6015,"SUPER LUXURY (NON-AC, 2 + 2 PUSH BACK)",7h,"3.6
37",₹472
Bangalore to Kadapa,https://www.redbus.in/bus-tickets/bangalore-to-kadapa,APSRTC - 50194,AMARAVATHI (VOLVO / SCANIA A.C Multi Axle),6h 30m,"4.1
106",₹716
Bangalore to Kadapa,https://www.redbus.in/bus-tickets/bangalore-to-kadapa,APSRTC - 50013,"SUPER LUXURY (NON-AC, 2 + 2 PUSH BACK)",7h,"3.6
40",₹472
Bangalore to Kadapa,https://www.redbus.in/bus-tickets/bangalore-to-kadapa,APSRTC - 6005,"SUPER LUXURY (NON-AC, 2 + 2 PUSH BACK)",7h,"3.5
39",₹472
Bangalore to Kadapa,https://www.redbus.in/bus-tickets/bangalore-to-kadapa,APSRTC - 5779,"SUPER LUXURY (NON-AC, 2 + 2 PUSH BACK)",6h 35m,"2
20",₹496
Bangalore to Kadapa,https://www.redbus.in/bus-tickets/bangalore-to-kadapa,APSRTC - 5284,"SUPER LUXURY (NON-AC, 2 + 2 PUSH BACK)",8h,3.7,₹472
Bangalore to Kadapa,https://www.redbus.in/bus-tickets/bangalore-to-kadapa,APSRTC - 5226,"SUPER LUXURY (NON-AC, 2 + 2 PUSH BACK)",8h 15m,3.7,₹512
Bangalore to Kadapa,https://www.redbus.in/bus-tickets/bangalore-to-kadapa,APSRTC - 5296,"SUPER LUXURY (NON-AC, 2 + 2 PUSH BACK)",8h,"2.9
4",₹512
Bangalore to Kadapa,https://www.redbus.in/bus-tickets/bangalore-to-kadapa,APSRTC - 7745,"SUPER LUXURY (NON-AC, 2 + 2 PUSH BACK)",8h 10m,"3.5
5",₹496
Bangalore to Kadapa,https://www.redbus.in/bus-tickets/bangalore-to-kadapa,APSRTC - 48484,"SUPER LUXURY (NON-AC, 2 + 2 PUSH BACK)",7h 25m,3.7,₹496
Bangalore to Kadapa,https://www.redbus.in/bus-tickets/bangalore-to-kadapa,APSRTC - 46152,"SUPER LUXURY (NON-AC, 2 + 2 PUSH BACK)",7h 15m,3.7,₹512
Bangalore to Kadapa,https://www.redbus.in/bus-tickets/bangalore-to-kadapa,APSRTC - 50079,"SUPER LUXURY (NON-AC, 2 + 2 PUSH BACK)",7h,"3.8
29",₹472
Bangalore to Kadapa,https://www.redbus.in/bus-tickets/bangalore-to-kadapa,APSRTC - 6558,"SUPER LUXURY (NON-AC, 2 + 2 PUSH BACK)",6h 30m,"3.7
7",₹472
Bangalore to Kadapa,https://www.redbus.in/bus-tickets/bangalore-to-kadapa,APSRTC - 6017,"SUPER LUXURY (NON-AC, 2 + 2 PUSH BACK)",7h,"3.9
40",₹472
Bangalore to Kadapa,https://www.redbus.in/bus-tickets/bangalore-to-kadapa,APSRTC - 50062,"SUPER LUXURY (NON-AC, 2 + 2 PUSH BACK)",7h,"3.9
50",₹472
Bangalore to Kadapa,https://www.redbus.in/bus-tickets/bangalore-to-kadapa,APSRTC - 6241,"ULTRA DELUXE (NON-AC, 2+2 PUSH BACK)",6h 30m,"2.8
43",₹412
Bangalore to Kadapa,https://www.redbus.in/bus-tickets/bangalore-to-kadapa,APSRTC - 9253,INDRA(A.C. Seater),7h,"3.9
76",₹526
Bangalore to Kadapa,https://www.redbus.in/bus-tickets/bangalore-to-kadapa,APSRTC - 50805,"SUPER LUXURY (NON-AC, 2 + 2 PUSH BACK)",6h,"3.8
36",₹472
Bangalore to Kadapa,https://www.redbus.in/bus-tickets/bangalore-to-kadapa,APSRTC - 6007,INDRA(A.C. Seater),7h,"3.9
92",₹526
Bangalore to Kadapa,https://www.redbus.in/bus-tickets/bangalore-to-kadapa,APSRTC - 6208,"SUPER LUXURY (NON-AC, 2 + 2 PUSH BACK)",6h 5m,"3.9
42",₹472
Bangalore to Kadapa,https://www.redbus.in/bus-tickets/bangalore-to-kadapa,APSRTC - 9489,"SUPER LUXURY (NON-AC, 2 + 2 PUSH BACK)",6h,"3.2
40",₹472
Bangalore to Kadapa,https://www.redbus.in/bus-tickets/bangalore-to-kadapa,APSRTC - 50192,AMARAVATHI (VOLVO / SCANIA A.C Multi Axle),5h 15m,"3.7
91",₹716
Bangalore to Kadapa,https://www.redbus.in/bus-tickets/bangalore-to-kadapa,APSRTC - 6238,"SUPER LUXURY (NON-AC, 2 + 2 PUSH BACK)",6h,"4.2
88",₹472
Bangalore to Kadapa,https://www.redbus.in/bus-tickets/bangalore-to-kadapa,APSRTC - 9257,AMARAVATHI (VOLVO / SCANIA A.C Multi Axle),5h 15m,"3.8
83",₹716
Ongole to Hyderabad,https://www.redbus.in/bus-tickets/ongole-to-hyderabad,APSRTC - 45775,"SUPER LUXURY (NON-AC, 2 + 2 PUSH BACK)",7h 30m,"3.6
77",₹555
Ongole to Hyderabad,https://www.redbus.in/bus-tickets/ongole-to-hyderabad,APSRTC - 5380,"SUPER LUXURY (NON-AC, 2 + 2 PUSH BACK)",10h 6m,"3.9
9",₹624
Ongole to Hyderabad,https://www.redbus.in/bus-tickets/ongole-to-hyderabad,APSRTC - 5866,"SUPER LUXURY (NON-AC, 2 + 2 PUSH BACK)",10h 1m,"4.7
8",₹602
Ongole to Hyderabad,https://www.redbus.in/bus-tickets/ongole-to-hyderabad,APSRTC - 5913,"SUPER LUXURY (NON-AC, 2 + 2 PUSH BACK)",9h 6m,"4.5
15",₹567
Ongole to Hyderabad,https://www.redbus.in/bus-tickets/ongole-to-hyderabad,APSRTC - 45901,"SUPER LUXURY (NON-AC, 2 + 2 PUSH BACK)",7h 20m,"4
39",₹555
Ongole to Hyderabad,https://www.redbus.in/bus-tickets/ongole-to-hyderabad,APSRTC - 5915,"SUPER LUXURY (NON-AC, 2 + 2 PUSH BACK)",8h 5m,"4
6",₹605
Ongole to Hyderabad,https://www.redbus.in/bus-tickets/ongole-to-hyderabad,APSRTC - 5725,"SUPER LUXURY (NON-AC, 2 + 2 PUSH BACK)",7h 25m,"4.2
46",₹555
Ongole to Hyderabad,https://www.redbus.in/bus-tickets/ongole-to-hyderabad,APSRTC - 48820,"SUPER LUXURY (NON-AC, 2 + 2 PUSH BACK)",7h 25m,"4.1
29",₹555
Ongole to Hyderabad,https://www.redbus.in/bus-tickets/ongole-to-hyderabad,APSRTC - 5957,STAR LINER(NON-AC SLEEPER 2+1),6h 30m,"4.8
48",₹719
Ongole to Hyderabad,https://www.redbus.in/bus-tickets/ongole-to-hyderabad,APSRTC - 5927,"SUPER LUXURY (NON-AC, 2 + 2 PUSH BACK)",6h 35m,"4.4
45",₹555
Ongole to Hyderabad,https://www.redbus.in/bus-tickets/ongole-to-hyderabad,APSRTC - 5895,"SUPER LUXURY (NON-AC, 2 + 2 PUSH BACK)",7h 20m,"4.6
17",₹555
Ongole to Hyderabad,https://www.redbus.in/bus-tickets/ongole-to-hyderabad,APSRTC - 5973,STAR LINER(NON-AC SLEEPER 2+1),7h 30m,"4.4
77",₹719
Ongole to Hyderabad,https://www.redbus.in/bus-tickets/ongole-to-hyderabad,APSRTC - 5378,INDRA(A.C. Seater),6h 40m,"4.2
124",₹671
Ongole to Hyderabad,https://www.redbus.in/bus-tickets/ongole-to-hyderabad,APSRTC - 5862,"SUPER LUXURY (NON-AC, 2 + 2 PUSH BACK)",7h 20m,"4.2
68",₹555
Ongole to Hyderabad,https://www.redbus.in/bus-tickets/ongole-to-hyderabad,APSRTC - 5858,"SUPER LUXURY (NON-AC, 2 + 2 PUSH BACK)",6h 50m,"3.8
19",₹555
Ongole to Hyderabad,https://www.redbus.in/bus-tickets/ongole-to-hyderabad,APSRTC - 48600,INDRA(A.C. Seater),6h 28m,"3.9
69",₹671
Ongole to Hyderabad,https://www.redbus.in/bus-tickets/ongole-to-hyderabad,APSRTC - 5869,"SUPER LUXURY (NON-AC, 2 + 2 PUSH BACK)",6h 30m,"3.9
28",₹555
Ongole to Hyderabad,https://www.redbus.in/bus-tickets/ongole-to-hyderabad,APSRTC - 5993,"SUPER LUXURY (NON-AC, 2 + 2 PUSH BACK)",7h 25m,"3.8
39",₹555
Ongole to Hyderabad,https://www.redbus.in/bus-tickets/ongole-to-hyderabad,APSRTC - 48492,"SUPER LUXURY (NON-AC, 2 + 2 PUSH BACK)",6h 30m,"3.7
35",₹555
Ongole to Hyderabad,https://www.redbus.in/bus-tickets/ongole-to-hyderabad,APSRTC - 48603,AMARAVATHI (VOLVO / SCANIA A.C Multi Axle),6h 33m,"4.2
72",₹852
Ongole to Hyderabad,https://www.redbus.in/bus-tickets/ongole-to-hyderabad,APSRTC - 5901,STAR LINER(NON-AC SLEEPER 2+1),7h 30m,"4.6
80",₹719
Ongole to Hyderabad,https://www.redbus.in/bus-tickets/ongole-to-hyderabad,APSRTC - 5875,"SUPER LUXURY (NON-AC, 2 + 2 PUSH BACK)",7h 45m,"3.4
18",₹555
Ongole to Hyderabad,https://www.redbus.in/bus-tickets/ongole-to-hyderabad,APSRTC - 5069,"SUPER LUXURY (NON-AC, 2 + 2 PUSH BACK)",8h 20m,"3.8
34",₹556
Ongole to Hyderabad,https://www.redbus.in/bus-tickets/ongole-to-hyderabad,APSRTC - 5925,"SUPER LUXURY (NON-AC, 2 + 2 PUSH BACK)",5h 40m,"4.3
34",₹555
Ongole to Hyderabad,https://www.redbus.in/bus-tickets/ongole-to-hyderabad,APSRTC - 5019,DOLPHIN CRUISE (VOLVO / SCANIA A.C Multi Axle),6h 42m,"3.9
27",₹855
Ongole to Hyderabad,https://www.redbus.in/bus-tickets/ongole-to-hyderabad,APSRTC - 5905,INDRA(A.C. Seater),6h 50m,"4.2
82",₹671
Ongole to Hyderabad,https://www.redbus.in/bus-tickets/ongole-to-hyderabad,APSRTC - 5919,VENNELA (A.C. SLEEPER),6h 36m,"4
112",₹992
Ongole to Hyderabad,https://www.redbus.in/bus-tickets/ongole-to-hyderabad,APSRTC - 5856,STAR LINER(NON-AC SLEEPER 2+1),6h 55m,"3.4
35",₹719
Ongole to Hyderabad,https://www.redbus.in/bus-tickets/ongole-to-hyderabad,APSRTC - 5903,DOLPHIN CRUISE (VOLVO / SCANIA A.C Multi Axle),6h 5m,"4
50",₹852
Ongole to Hyderabad,https://www.redbus.in/bus-tickets/ongole-to-hyderabad,APSRTC - 5180,"SUPER LUXURY (NON-AC, 2 + 2 PUSH BACK)",7h 45m,"3.4
27",₹556
Ongole to Hyderabad,https://www.redbus.in/bus-tickets/ongole-to-hyderabad,APSRTC - 5053,"SUPER LUXURY (NON-AC, 2 + 2 PUSH BACK)",8h 15m,"3.6
26",₹556
Kadapa to Bangalore,https://www.redbus.in/bus-tickets/kadapa-to-bangalore,APSRTC - 5803,"SUPER LUXURY (NON-AC, 2 + 2 PUSH BACK)",5h 35m,3.7,₹472
Kadapa to Bangalore,https://www.redbus.in/bus-tickets/kadapa-to-bangalore,APSRTC - 5225,"SUPER LUXURY (NON-AC, 2 + 2 PUSH BACK)",7h 5m,"3.8
5",₹512
Kadapa to Bangalore,https://www.redbus.in/bus-tickets/kadapa-to-bangalore,APSRTC - 6014,"SUPER LUXURY (NON-AC, 2 + 2 PUSH BACK)",6h 30m,"4.2
39",₹472
Kadapa to Bangalore,https://www.redbus.in/bus-tickets/kadapa-to-bangalore,APSRTC - 50012,"SUPER LUXURY (NON-AC, 2 + 2 PUSH BACK)",6h 30m,"3.5
23",₹472
Kadapa to Bangalore,https://www.redbus.in/bus-tickets/kadapa-to-bangalore,APSRTC - 6004,"SUPER LUXURY (NON-AC, 2 + 2 PUSH BACK)",6h 25m,"3.8
22",₹472
Kadapa to Bangalore,https://www.redbus.in/bus-tickets/kadapa-to-bangalore,APSRTC - 6016,"SUPER LUXURY (NON-AC, 2 + 2 PUSH BACK)",6h 30m,"3.1
11",₹472
Kadapa to Bangalore,https://www.redbus.in/bus-tickets/kadapa-to-bangalore,APSRTC - 50078,"SUPER LUXURY (NON-AC, 2 + 2 PUSH BACK)",6h 50m,"3.8
21",₹472
Kadapa to Bangalore,https://www.redbus.in/bus-tickets/kadapa-to-bangalore,APSRTC - 50061,"SUPER LUXURY (NON-AC, 2 + 2 PUSH BACK)",6h 30m,"2.3
16",₹472
Kadapa to Bangalore,https://www.redbus.in/bus-tickets/kadapa-to-bangalore,APSRTC - 9252,INDRA(A.C. Seater),6h 30m,"4.3
65",₹526
Kadapa to Bangalore,https://www.redbus.in/bus-tickets/kadapa-to-bangalore,APSRTC - 50102,"ULTRA DELUXE (NON-AC, 2+2 PUSH BACK)",7h,"1.9
11",₹412
Kadapa to Bangalore,https://www.redbus.in/bus-tickets/kadapa-to-bangalore,APSRTC - 50804,"SUPER LUXURY (NON-AC, 2 + 2 PUSH BACK)",6h 55m,"4.6
9",₹472
Kadapa to Bangalore,https://www.redbus.in/bus-tickets/kadapa-to-bangalore,APSRTC - 6006,INDRA(A.C. Seater),5h 15m,"2.8
46",₹526
Kadapa to Bangalore,https://www.redbus.in/bus-tickets/kadapa-to-bangalore,APSRTC - 6209,"SUPER LUXURY (NON-AC, 2 + 2 PUSH BACK)",5h 30m,"3.8
22",₹472
Kadapa to Bangalore,https://www.redbus.in/bus-tickets/kadapa-to-bangalore,APSRTC - 50191,AMARAVATHI (VOLVO / SCANIA A.C Multi Axle),4h 30m,"4
95",₹716
Kadapa to Bangalore,https://www.redbus.in/bus-tickets/kadapa-to-bangalore,APSRTC - 9488,"SUPER LUXURY (NON-AC, 2 + 2 PUSH BACK)",6h 30m,"3.7
21",₹472
Kadapa to Bangalore,https://www.redbus.in/bus-tickets/kadapa-to-bangalore,APSRTC - 9256,AMARAVATHI (VOLVO / SCANIA A.C Multi Axle),4h 25m,"3.2
77",₹716
Kadapa to Bangalore,https://www.redbus.in/bus-tickets/kadapa-to-bangalore,APSRTC - 6237,"SUPER LUXURY (NON-AC, 2 + 2 PUSH BACK)",6h,"2.6
11",₹472
Kadapa to Bangalore,https://www.redbus.in/bus-tickets/kadapa-to-bangalore,APSRTC - 50144,"SUPER LUXURY (NON-AC, 2 + 2 PUSH BACK)",6h 30m,"2.2
16",₹472
Kadapa to Bangalore,https://www.redbus.in/bus-tickets/kadapa-to-bangalore,APSRTC - 6018,"SUPER LUXURY (NON-AC, 2 + 2 PUSH BACK)",5h 55m,"3.4
18",₹472
Kadapa to Bangalore,https://www.redbus.in/bus-tickets/kadapa-to-bangalore,APSRTC - 6010,"SUPER LUXURY (NON-AC, 2 + 2 PUSH BACK)",6h 20m,"4.1
22",₹472
Kadapa to Bangalore,https://www.redbus.in/bus-tickets/kadapa-to-bangalore,APSRTC - 6240,"ULTRA DELUXE (NON-AC, 2+2 PUSH BACK)",7h,"3.9
28",₹412
Kadapa to Bangalore,https://www.redbus.in/bus-tickets/kadapa-to-bangalore,APSRTC - 5281,"SUPER LUXURY (NON-AC, 2 + 2 PUSH BACK)",5h 55m,"2.9
14",₹512
Kadapa to Bangalore,https://www.redbus.in/bus-tickets/kadapa-to-bangalore,APSRTC - 6205,"SUPER LUXURY (NON-AC, 2 + 2 PUSH BACK)",5h 45m,"3.2
47",₹472
Kadapa to Bangalore,https://www.redbus.in/bus-tickets/kadapa-to-bangalore,APSRTC - 6073,INDRA(A.C. Seater),5h,"3.9
87",₹526
Kadapa to Bangalore,https://www.redbus.in/bus-tickets/kadapa-to-bangalore,APSRTC - 5295,"SUPER LUXURY (NON-AC, 2 + 2 PUSH BACK)",5h 5m,"3.3
10",₹472
Kadapa to Bangalore,https://www.redbus.in/bus-tickets/kadapa-to-bangalore,APSRTC - 50181,"SUPER LUXURY (NON-AC, 2 + 2 PUSH BACK)",6h 35m,"3.2
40",₹472
Kadapa to Bangalore,https://www.redbus.in/bus-tickets/kadapa-to-bangalore,APSRTC - 6207,"SUPER LUXURY (NON-AC, 2 + 2 PUSH BACK)",5h 15m,"4
46",₹472
Kadapa to Bangalore,https://www.redbus.in/bus-tickets/kadapa-to-bangalore,APSRTC - 5227,"SUPER LUXURY (NON-AC, 2 + 2 PUSH BACK)",6h 45m,"4.2
14",₹512
Kadapa to Bangalore,https://www.redbus.in/bus-tickets/kadapa-to-bangalore,APSRTC - 6065,"SUPER LUXURY (NON-AC, 2 + 2 PUSH BACK)",5h 50m,"4.3
64",₹472
Kadapa to Bangalore,https://www.redbus.in/bus-tickets/kadapa-to-bangalore,APSRTC - 5283,"SUPER LUXURY (NON-AC, 2 + 2 PUSH BACK)",6h 10m,"3.3
8",₹512
Kadapa to Bangalore,https://www.redbus.in/bus-tickets/kadapa-to-bangalore,APSRTC - 9266,INDRA(A.C. Seater),5h 40m,"4.2
92",₹526
Kadapa to Bangalore,https://www.redbus.in/bus-tickets/kadapa-to-bangalore,APSRTC - 7744,"SUPER LUXURY (NON-AC, 2 + 2 PUSH BACK)",6h 5m,"3.4
6",₹472
Kadapa to Bangalore,https://www.redbus.in/bus-tickets/kadapa-to-bangalore,APSRTC - 48483,"SUPER LUXURY (NON-AC, 2 + 2 PUSH BACK)",5h 45m,"3.8
20",₹472
Kadapa to Bangalore,https://www.redbus.in/bus-tickets/kadapa-to-bangalore,APSRTC - 9254,"SUPER LUXURY (NON-AC, 2 + 2 PUSH BACK)",6h,"4.2
75",₹472
Kadapa to Bangalore,https://www.redbus.in/bus-tickets/kadapa-to-bangalore,APSRTC - 6008,AMARAVATHI (VOLVO / SCANIA A.C Multi Axle),4h 35m,"4
119",₹716
Kadapa to Bangalore,https://www.redbus.in/bus-tickets/kadapa-to-bangalore,APSRTC - 5272,"SUPER LUXURY (NON-AC, 2 + 2 PUSH BACK)",6h 10m,"2
8",₹512
Kadapa to Bangalore,https://www.redbus.in/bus-tickets/kadapa-to-bangalore,APSRTC - 5977,"SUPER LUXURY (NON-AC, 2 + 2 PUSH BACK)",6h 20m,"3.1
23",₹472
Madanapalli to Bangalore,https://www.redbus.in/bus-tickets/madanapalli-to-bangalore,APSRTC - 5677,Express Non AC Seater 2+3,3h 15m,"4.3
109",₹173
Madanapalli to Bangalore,https://www.redbus.in/bus-tickets/madanapalli-to-bangalore,APSRTC - 7584,Express Non AC Seater 2+3,3h 15m,"3.7
44",₹173
Madanapalli to Bangalore,https://www.redbus.in/bus-tickets/madanapalli-to-bangalore,APSRTC - 5716,Express Non AC Seater 2+3,3h 30m,"4.3
18",₹173
Madanapalli to Bangalore,https://www.redbus.in/bus-tickets/madanapalli-to-bangalore,APSRTC - 7592,Express Non AC Seater 2+3,4h,"5
23",₹173
Madanapalli to Bangalore,https://www.redbus.in/bus-tickets/madanapalli-to-bangalore,APSRTC - 6224,"ULTRA DELUXE (NON-AC, 2+2 PUSH BACK)",4h,"4.2
48",₹226
Madanapalli to Bangalore,https://www.redbus.in/bus-tickets/madanapalli-to-bangalore,APSRTC - 7588,Express Non AC Seater 2+3,3h 15m,"3.9
55",₹173
Madanapalli to Bangalore,https://www.redbus.in/bus-tickets/madanapalli-to-bangalore,APSRTC - 7586,Express Non AC Seater 2+3,4h,"3.9
53",₹173
Madanapalli to Bangalore,https://www.redbus.in/bus-tickets/madanapalli-to-bangalore,APSRTC - 6006,INDRA(A.C. Seater),2h 30m,"3.5
97",₹279
Madanapalli to Bangalore,https://www.redbus.in/bus-tickets/madanapalli-to-bangalore,APSRTC - 5675,Express Non AC Seater 2+3,4h,"3.5
50",₹173
Madanapalli to Bangalore,https://www.redbus.in/bus-tickets/madanapalli-to-bangalore,APSRTC - 7594,Express Non AC Seater 2+3,4h,"4
21",₹173
Madanapalli to Bangalore,https://www.redbus.in/bus-tickets/madanapalli-to-bangalore,APSRTC - 5759,Express Non AC Seater 2+3,4h,"3.6
78",₹173
Madanapalli to Bangalore,https://www.redbus.in/bus-tickets/madanapalli-to-bangalore,APSRTC - 7590,Express Non AC Seater 2+3,3h 15m,"4.1
46",₹173
